,Symbol,Date,Sentiment_scores
0,AAPL,2022-03-01,-0.27746
1,AAPL,2022-03-02,-0.3610736666666667
2,AAPL,2022-03-03,-0.11618325
3,AAPL,2022-03-04,0.04104985714285714
4,AAPL,2022-03-05,-0.14011466666666667
5,AAPL,2022-03-06,0.07514166666666666
6,AAPL,2022-03-07,-0.00010375000000000067
7,AAPL,2022-03-08,-0.126248
8,AAPL,2022-04-01,-0.025680090909090906
9,AAPL,2022-04-02,-0.05692233333333333
10,AAPL,2022-05-01,-0.05462425
11,AAPL,2022-05-02,-0.11953333333333332
12,AAPL,2022-05-03,-0.09321725
13,AAPL,2022-06-01,-0.029041115384615384
14,AAPL,2022-06-02,-0.06641795833333333
15,AAPL,2022-07-01,-0.09513491176470588
16,AAPL,2022-07-02,-0.08378014285714284
17,AAPL,2022-07-03,-0.0883525
18,AAPL,2022-08-01,0.13840399999999997
19,AAPL,2022-08-02,0.10477826666666669
20,AAPL,2022-09-01,0.09497779069767441
21,AAPL,2022-09-02,0.08234314285714286
22,AAPL,2022-10-01,0.19033944444444445
23,AAPL,2022-10-02,0.10118242857142858
24,AAPL,2022-10-03,0.11013470588235294
25,AAPL,2022-11-01,0.03836073076923077
26,AAPL,2022-11-02,0.04625183333333333
27,AAPL,2022-12-01,0.03872002222222222
28,AAPL,2022-12-02,0.1392936
29,AAPL,2023-01-01,0.27879766666666667
30,AAPL,2023-01-02,0.1814986923076923
31,AAPL,2023-01-03,0.0854155625
32,AAPL,2023-01-04,-0.1254855
33,AAPL,2023-02-01,0.120271
34,AAPL,2023-02-02,0.0679435
35,AAPL,2023-03-01,0.10521107142857143
36,AAPL,2023-03-02,0.12595686363636363
37,AAPL,2023-04-01,0.09491216666666667
38,AAPL,2023-04-02,0.071454
39,AAPL,2023-04-03,0.1471547105263158
40,AAPL,2023-05-01,0.10448581578947369
41,AAPL,2023-05-02,0.14978816666666667
42,AAPL,2023-06-01,0.1735687142857143
43,AAPL,2023-06-02,0.13976389743589743
44,AAPL,2023-06-03,0.141381
45,AAPL,2023-07-01,0.09982794117647058
46,AAPL,2023-07-02,0.19745328571428572
47,AAPL,2023-07-03,0.18614926923076924
48,AAPL,2023-08-01,0.14800144117647057
49,AAPL,2023-08-02,0.163154625
50,AAPL,2023-09-01,0.15933319999999998
51,AAPL,2023-09-02,0.20977649999999998
52,AAPL,2023-09-03,0.14053225
53,AAPL,2023-09-04,0.1973215
54,AAPL,2023-10-01,0.2875752
55,AAPL,2023-10-02,0.20433837931034482
56,AAPL,2023-10-03,0.1487158125
57,AAPL,2023-11-01,0.12611986666666666
58,AAPL,2023-11-02,0.15693079999999998
59,AAPL,2023-12-01,0.18304365517241378
60,AAPL,2023-12-02,0.1183184
61,AAPL,2023-12-03,0.27383090909090907
62,AAPL,2024-01-01,0.14916516666666668
63,AAPL,2024-01-02,0.14332562857142858
64,AAPL,2024-01-03,0.13166744444444445
65,AAPL,2024-02-01,0.13973888
66,AAPL,2024-03-01,0.20789214285714286
67,AAPL,2024-03-02,0.19817522222222222
68,AAPL,2024-03-03,0.189333
69,AMZN,2022-03-01,-0.19707000000000002
70,AMZN,2022-03-03,0.05477850000000001
71,AMZN,2022-03-04,0.049251100000000006
72,AMZN,2022-03-05,-0.26150125
73,AMZN,2022-03-06,-0.17582525
74,AMZN,2022-03-07,0.020499321428571426
75,AMZN,2022-04-01,-0.05490095918367347
76,AMZN,2022-04-02,-0.006427
77,AMZN,2022-05-01,-0.11185484615384615
78,AMZN,2022-05-02,-0.15898083783783784
79,AMZN,2022-06-01,-0.08691335897435898
80,AMZN,2022-06-02,-0.12546054545454546
81,AMZN,2022-07-01,-0.051666374999999994
82,AMZN,2022-07-02,-0.117253
83,AMZN,2022-08-01,0.1746732380952381
84,AMZN,2022-08-02,0.22329508333333334
85,AMZN,2022-08-03,0.14686194117647058
86,AMZN,2022-09-01,0.14354121739130435
87,AMZN,2022-09-02,0.1459616
88,AMZN,2022-09-03,0.165559
89,AMZN,2022-10-01,0.1373688
90,AMZN,2022-10-02,0.1975916666666667
91,AMZN,2022-10-03,0.19326722222222223
92,AMZN,2022-10-04,0.1898653125
93,AMZN,2022-11-01,0.06680954545454545
94,AMZN,2022-11-02,0.09295533333333333
95,AMZN,2022-11-03,0.1097086
96,AMZN,2022-12-01,0.17221606451612903
97,AMZN,2022-12-02,0.13813536842105265
98,AMZN,2023-01-01,0.1837156
99,AMZN,2023-01-02,0.163681625
100,AMZN,2023-01-03,0.12449533333333335
101,AMZN,2023-01-04,0.14028404545454545
102,AMZN,2023-02-01,0.14591659523809525
103,AMZN,2023-02-02,0.1922655
104,AMZN,2023-03-01,0.18720726666666668
105,AMZN,2023-03-02,0.15989213333333333
106,AMZN,2023-03-03,0.1597336666666667
107,AMZN,2023-03-04,0.1842398
108,AMZN,2023-04-01,0.2639728571428571
109,AMZN,2023-04-02,0.20340824999999998
110,AMZN,2023-04-03,0.22955683333333332
111,AMZN,2023-04-04,0.1278565
112,AMZN,2023-04-05,0.0606622
113,AMZN,2023-05-01,0.11421241935483871
114,AMZN,2023-05-02,0.14708563636363636
115,AMZN,2023-05-03,0.186154625
116,AMZN,2023-06-01,0.15868525
117,AMZN,2023-06-02,0.1154984074074074
118,AMZN,2023-06-03,0.19485792307692307
119,AMZN,2023-06-04,0.2314385
120,AMZN,2023-06-05,0.06962650000000001
121,AMZN,2023-07-01,0.09466377777777778
122,AMZN,2023-07-02,0.17514688888888888
123,AMZN,2023-07-03,0.1602224
124,AMZN,2023-07-04,0.16728939999999998
125,AMZN,2023-07-05,0.22179485714285715
126,AMZN,2023-08-01,0.15882485714285716
127,AMZN,2023-08-02,0.13743555555555556
128,AMZN,2023-08-03,0.06576972727272727
129,AMZN,2023-09-01,0.18407775999999998
130,AMZN,2023-09-02,0.1839373333333333
131,AMZN,2023-09-03,0.20850449999999998
132,AMZN,2023-09-04,0.066459
133,AMZN,2023-09-05,0.12791506666666666
134,AMZN,2023-10-01,0.21075816666666666
135,AMZN,2023-10-02,0.19339584210526314
136,AMZN,2023-10-03,0.15334505555555555
137,AMZN,2023-10-04,0.1892772857142857
138,AMZN,2023-11-01,0.1710302142857143
139,AMZN,2023-11-02,0.19327626315789473
140,AMZN,2023-11-03,0.2518192941176471
141,AMZN,2023-12-01,0.218233
142,AMZN,2023-12-02,0.2017335
143,AMZN,2023-12-03,0.2243909
144,AMZN,2023-12-04,0.140289
145,AMZN,2024-01-01,0.30565833333333337
146,AMZN,2024-01-02,0.23289490909090912
147,AMZN,2024-01-03,0.19837429166666667
148,AMZN,2024-01-04,0.15567
149,AMZN,2024-02-01,0.14965433333333333
150,AMZN,2024-02-02,0.18688375
151,AMZN,2024-03-01,0.1881094761904762
152,AMZN,2024-03-02,0.30641714285714283
153,AMZN,2024-03-03,0.2933632857142857
154,AMZN,2024-03-04,0.2178783076923077
155,AMZN,2024-03-05,0.174385
156,AVGO,2022-03-03,0.028987500000000006
157,AVGO,2022-03-04,-0.06370139999999999
158,AVGO,2022-03-07,0.027579249999999993
159,AVGO,2022-03-08,0.04957366666666666
160,AVGO,2022-03-09,0.10094859999999999
161,AVGO,2022-03-10,0.08992016666666668
162,AVGO,2022-03-11,0.0704675
163,AVGO,2022-03-14,0.016131666666666666
164,AVGO,2022-03-15,-0.06680900000000001
165,AVGO,2022-03-16,0.08301485714285714
166,AVGO,2022-04-01,-0.03345744444444445
167,AVGO,2022-04-03,-0.035443999999999996
168,AVGO,2022-04-04,0.032662
169,AVGO,2022-04-05,0.023887000000000002
170,AVGO,2022-04-06,0.01859042857142857
171,AVGO,2022-04-07,-0.005702999999999997
172,AVGO,2022-04-08,0.041266000000000004
173,AVGO,2022-04-11,0.03023833333333333
174,AVGO,2022-05-02,0.005891666666666666
175,AVGO,2022-05-03,0.03991607142857143
176,AVGO,2022-05-04,0.0246268
177,AVGO,2022-05-05,-0.047042666666666656
178,AVGO,2022-05-06,0.028050444444444447
179,AVGO,2022-06-01,0.018860111111111112
180,AVGO,2022-06-02,-0.05262370000000001
181,AVGO,2022-06-03,0.09036742857142857
182,AVGO,2022-06-06,0.004514499999999999
183,AVGO,2022-06-07,0.13094525
184,AVGO,2022-06-08,0.07246666666666667
185,AVGO,2022-06-09,-0.04193233333333333
186,AVGO,2022-07-01,-0.10400775000000001
187,AVGO,2022-07-04,-0.0047209999999999995
188,AVGO,2022-07-05,-0.0445932
189,AVGO,2022-07-06,0.027624333333333334
190,AVGO,2022-07-07,0.041293875
191,AVGO,2022-07-08,0.115915875
192,AVGO,2022-07-11,0.2143759
193,AVGO,2022-07-12,0.12206666666666666
194,AVGO,2022-08-01,0.2010548
195,AVGO,2022-08-02,0.22810375
196,AVGO,2022-08-03,0.10272733333333334
197,AVGO,2022-08-04,0.07436833333333333
198,AVGO,2022-08-05,0.3213826
199,AVGO,2022-08-08,0.1804424
200,AVGO,2022-08-09,0.24633066666666667
201,AVGO,2022-08-10,0.1793695
202,AVGO,2022-08-11,0.19127875
203,AVGO,2022-08-12,0.356236
204,AVGO,2022-08-13,-0.104913
205,AVGO,2022-08-15,0.2007455
206,AVGO,2022-08-16,0.157012875
207,AVGO,2022-09-01,0.03327088
208,AVGO,2022-09-02,0.131292
209,AVGO,2022-10-01,0.196854
210,AVGO,2022-10-03,0.2616523333333333
211,AVGO,2022-10-04,0.16342849999999998
212,AVGO,2022-10-05,0.12507933333333335
213,AVGO,2022-10-06,0.329193
214,AVGO,2022-10-07,0.1729706666666667
215,AVGO,2022-10-08,0.064339
216,AVGO,2022-10-10,0.2538413333333333
217,AVGO,2022-10-11,0.0702154
218,AVGO,2022-10-12,0.1442765
219,AVGO,2022-10-13,0.1823684
220,AVGO,2022-10-14,0.161022
221,AVGO,2022-10-15,0.16892966666666664
222,AVGO,2022-10-16,0.02398
223,AVGO,2022-10-17,0.1093095
224,AVGO,2022-10-18,0.20985285714285712
225,AVGO,2022-11-02,0.351247
226,AVGO,2022-11-03,0.25365279999999996
227,AVGO,2022-11-04,0.36303124999999997
228,AVGO,2022-11-05,0.12131
229,AVGO,2022-11-06,0.090565
230,AVGO,2022-11-07,0.267375
231,AVGO,2022-11-08,0.14246925
232,AVGO,2022-11-09,0.1274125
233,AVGO,2022-11-10,0.0914465
234,AVGO,2022-11-14,0.165855
235,AVGO,2022-11-15,0.17913400000000002
236,AVGO,2022-11-16,0.2247645
237,AVGO,2022-11-17,0.234356
238,AVGO,2022-11-18,0.18780449999999999
239,AVGO,2022-11-19,0.062504
240,AVGO,2022-11-20,0.182391
241,AVGO,2022-11-21,0.1716622857142857
242,AVGO,2022-11-22,0.052296
243,AVGO,2022-11-23,0.1743284
244,AVGO,2022-12-01,0.10235566666666668
245,AVGO,2022-12-02,0.10479875
246,AVGO,2022-12-03,0.311267
247,AVGO,2022-12-04,0.09680825000000001
248,AVGO,2022-12-05,0.11421193333333333
249,AVGO,2022-12-06,0.1157445
250,AVGO,2022-12-07,0.033936
251,AVGO,2022-12-08,-0.05571814285714286
252,AVGO,2023-01-02,0.2179805
253,AVGO,2023-01-03,0.17763099999999998
254,AVGO,2023-01-04,0.28104175
255,AVGO,2023-01-05,0.15341549999999998
256,AVGO,2023-01-06,0.164733
257,AVGO,2023-01-09,0.14603414285714283
258,AVGO,2023-01-10,0.0916169
259,AVGO,2023-01-11,0.1621001111111111
260,AVGO,2023-01-12,-0.029616
261,AVGO,2023-02-01,0.019965666666666663
262,AVGO,2023-02-02,0.3378015
263,AVGO,2023-02-03,0.23884049999999998
264,AVGO,2023-02-06,0.1686195
265,AVGO,2023-02-07,0.24749600000000002
266,AVGO,2023-02-08,0.1848996
267,AVGO,2023-02-09,0.09492199999999999
268,AVGO,2023-02-10,0.12667833333333334
269,AVGO,2023-02-11,0.224392
270,AVGO,2023-02-13,0.24203133333333335
271,AVGO,2023-02-14,0.16885225
272,AVGO,2023-02-15,0.164645
273,AVGO,2023-02-16,0.17506233333333332
274,AVGO,2023-02-17,0.018775
275,AVGO,2023-02-18,0.16616
276,AVGO,2023-02-20,0.251114
277,AVGO,2023-02-21,0.235299
278,AVGO,2023-03-01,0.25984025
279,AVGO,2023-03-02,0.11166340000000001
280,AVGO,2023-03-03,0.22461066666666665
281,AVGO,2023-03-04,0.069448
282,AVGO,2023-03-06,0.19985936363636367
283,AVGO,2023-04-01,0.1475255
284,AVGO,2023-04-03,0.16691585714285712
285,AVGO,2023-04-04,0.21643099999999998
286,AVGO,2023-04-05,0.25904
287,AVGO,2023-04-06,0.12891675
288,AVGO,2023-04-10,0.16853371428571431
289,AVGO,2023-04-11,0.094446
290,AVGO,2023-04-12,0.10467699999999999
291,AVGO,2023-04-13,0.076187
292,AVGO,2023-04-14,0.1989236
293,AVGO,2023-04-15,0.064825
294,AVGO,2023-04-17,0.1615975
295,AVGO,2023-04-18,0.16521316666666666
296,AVGO,2023-05-01,0.14084616666666666
297,AVGO,2023-05-02,0.14102025
298,AVGO,2023-05-03,0.23057699999999998
299,AVGO,2023-05-04,0.15750433333333333
300,AVGO,2023-05-05,0.07676159999999999
301,AVGO,2023-05-06,0.297398
302,AVGO,2023-05-08,0.3428965
303,AVGO,2023-05-09,0.2881183333333333
304,AVGO,2023-05-10,0.03738999999999999
305,AVGO,2023-05-11,0.0807085
306,AVGO,2023-05-12,0.14068724999999999
307,AVGO,2023-05-13,-0.014571
308,AVGO,2023-05-15,0.2068165
309,AVGO,2023-05-16,0.149726
310,AVGO,2023-06-01,0.2396957142857143
311,AVGO,2023-06-02,0.15101425
312,AVGO,2023-06-05,0.2098785
313,AVGO,2023-06-06,0.200763
314,AVGO,2023-06-07,0.13132133333333332
315,AVGO,2023-07-01,0.25452
316,AVGO,2023-07-03,0.1660035
317,AVGO,2023-07-04,0.259533
318,AVGO,2023-07-05,0.08160587500000001
319,AVGO,2023-07-06,0.1624515
320,AVGO,2023-07-07,0.17872945454545455
321,AVGO,2023-07-08,0.028087
322,AVGO,2023-07-09,0.152576
323,AVGO,2023-07-10,0.29409850000000004
324,AVGO,2023-07-11,0.16866350000000002
325,AVGO,2023-07-12,0.1532012727272727
326,AVGO,2023-08-01,0.1220966
327,AVGO,2023-08-02,0.1602
328,AVGO,2023-08-03,0.2050388
329,AVGO,2023-08-04,0.22980650000000002
330,AVGO,2023-08-05,0.13812225
331,AVGO,2023-08-06,0.264561
332,AVGO,2023-08-07,0.17342049999999998
333,AVGO,2023-08-08,0.28822875000000003
334,AVGO,2023-08-09,0.043470499999999995
335,AVGO,2023-08-10,0.1778445
336,AVGO,2023-08-11,0.138987
337,AVGO,2023-08-14,0.30243
338,AVGO,2023-08-15,0.2608812
339,AVGO,2023-09-01,0.12453622580645161
340,AVGO,2023-09-02,0.152227
341,AVGO,2023-09-03,0.17990000000000003
342,AVGO,2023-09-04,0.2236845
343,AVGO,2023-09-05,0.17783175
344,AVGO,2023-09-06,0.235082
345,AVGO,2023-09-07,0.313444
346,AVGO,2023-10-02,0.17427725
347,AVGO,2023-10-03,0.21548383333333332
348,AVGO,2023-10-04,0.232243
349,AVGO,2023-10-05,0.3016666
350,AVGO,2023-10-06,0.2232067142857143
351,AVGO,2023-10-07,0.105655
352,AVGO,2023-10-09,0.19989474999999998
353,AVGO,2023-10-10,0.22602099999999997
354,AVGO,2023-10-11,0.26146833333333336
355,AVGO,2023-10-12,0.32000175
356,AVGO,2023-10-13,0.316398
357,AVGO,2023-11-01,0.2589375
358,AVGO,2023-11-02,0.14443925
359,AVGO,2023-11-03,0.12324816666666666
360,AVGO,2023-11-04,0.275347
361,AVGO,2023-11-06,0.14545950000000002
362,AVGO,2023-11-07,0.20419925
363,AVGO,2023-11-08,0.23059539999999998
364,AVGO,2023-11-09,0.20878825
365,AVGO,2023-11-10,0.18786999999999998
366,AVGO,2023-11-13,0.24029820000000002
367,AVGO,2023-11-14,0.29811925
368,AVGO,2023-12-01,0.173069
369,AVGO,2023-12-02,0.088192
370,AVGO,2023-12-03,0.174782
371,AVGO,2023-12-04,0.11947325
372,AVGO,2023-12-05,0.223322
373,AVGO,2023-12-06,0.225274625
374,AVGO,2023-12-07,0.1715636923076923
375,AVGO,2023-12-08,0.130395
376,AVGO,2024-01-01,0.299836
377,AVGO,2024-01-02,0.28462675
378,AVGO,2024-01-03,0.21791624999999998
379,AVGO,2024-01-04,0.17011900000000002
380,AVGO,2024-01-05,0.163924
381,AVGO,2024-01-07,0.1549305
382,AVGO,2024-01-08,0.2775096666666667
383,AVGO,2024-01-09,0.2599921666666667
384,AVGO,2024-01-10,0.1916645
385,AVGO,2024-01-11,0.162986
386,AVGO,2024-01-12,0.2051304
387,AVGO,2024-01-13,0.1789805
388,AVGO,2024-01-14,0.213927
389,AVGO,2024-01-15,0.18718
390,AVGO,2024-02-01,0.37923
391,AVGO,2024-02-02,0.15856433333333333
392,AVGO,2024-02-03,0.16799
393,AVGO,2024-02-04,0.200706
394,AVGO,2024-02-05,0.1515897142857143
395,AVGO,2024-02-06,0.0986452
396,AVGO,2024-02-07,0.278482
397,AVGO,2024-02-08,0.206164875
398,AVGO,2024-02-09,0.20757833333333334
399,AVGO,2024-02-10,0.36309
400,AVGO,2024-02-11,0.394791
401,AVGO,2024-02-12,0.2352625
402,AVGO,2024-02-13,0.18003
403,AVGO,2024-03-01,0.23365490909090908
404,AVGO,2024-03-02,0.33215249999999996
405,AVGO,2024-03-03,0.12319366666666666
406,AVGO,2024-03-04,0.1816256
407,AVGO,2024-03-05,0.22059211111111113
408,AVGO,2024-03-06,0.20322375
409,AVGO,2024-03-07,0.14435585714285715
410,GE,2022-03-03,-0.04104
411,GE,2022-03-04,0.010127
412,GE,2022-03-06,0.207867
413,GE,2022-03-07,-0.0519485
414,GE,2022-03-08,-0.19657183333333336
415,GE,2022-03-09,-0.11931681250000001
416,GE,2022-03-10,-0.0061592500000000015
417,GE,2022-03-11,0.06781733333333334
418,GE,2022-04-01,0.004349666666666668
419,GE,2022-04-02,-0.054901
420,GE,2022-04-04,0.056101250000000005
421,GE,2022-04-05,0.019286333333333332
422,GE,2022-04-06,-0.00544
423,GE,2022-04-07,-0.05843449999999999
424,GE,2022-04-08,0.06622974999999999
425,GE,2022-04-09,-0.027057499999999998
426,GE,2022-04-10,-0.174481
427,GE,2022-04-11,0.0498285
428,GE,2022-04-12,-0.030574666666666667
429,GE,2022-04-13,0.011043999999999998
430,GE,2022-04-14,-0.0385935
431,GE,2022-04-15,0.048589
432,GE,2022-05-01,-0.117024
433,GE,2022-05-02,0.024581200000000004
434,GE,2022-05-03,-0.047600833333333335
435,GE,2022-05-04,-0.04878966666666667
436,GE,2022-05-05,-0.058609499999999995
437,GE,2022-05-06,0.023787333333333337
438,GE,2022-05-09,-0.04826299999999999
439,GE,2022-05-10,0.049451857142857145
440,GE,2022-05-11,0.14216633333333334
441,GE,2022-05-12,-0.20267466666666667
442,GE,2022-05-13,-0.012209499999999998
443,GE,2022-05-14,0.029156
444,GE,2022-05-16,-0.01006
445,GE,2022-05-17,0.009306333333333333
446,GE,2022-06-01,-0.022186599999999997
447,GE,2022-06-02,0.045609333333333335
448,GE,2022-06-03,-0.232073
449,GE,2022-06-04,-0.322475
450,GE,2022-06-07,0.02154066666666667
451,GE,2022-06-08,0.015640333333333336
452,GE,2022-06-09,-0.12659700000000002
453,GE,2022-06-10,-0.18334099999999998
454,GE,2022-06-11,-0.1521275
455,GE,2022-06-13,0.055893000000000005
456,GE,2022-06-14,-0.0460352
457,GE,2022-06-15,-0.015015833333333334
458,GE,2022-06-16,0.047163666666666666
459,GE,2022-07-01,-0.10080633333333333
460,GE,2022-07-02,-0.134274
461,GE,2022-07-03,0.022333
462,GE,2022-07-04,-0.10371175
463,GE,2022-07-05,-0.24433300000000002
464,GE,2022-07-06,-0.030798000000000006
465,GE,2022-07-07,-0.05971633333333334
466,GE,2022-07-08,-0.184915
467,GE,2022-07-11,0.2681735
468,GE,2022-07-12,0.20471133333333333
469,GE,2022-07-13,0.21799339999999998
470,GE,2022-07-14,0.1813225
471,GE,2022-07-15,0.09225019999999999
472,GE,2022-07-18,0.038803
473,GE,2022-08-01,0.19349366666666667
474,GE,2022-08-02,0.3055434
475,GE,2022-08-03,0.2711746666666667
476,GE,2022-08-04,0.16152
477,GE,2022-08-05,0.12934225
478,GE,2022-08-06,0.150739
479,GE,2022-08-07,0.19695025
480,GE,2022-08-08,0.2580576666666667
481,GE,2022-08-09,0.2835725
482,GE,2022-08-10,0.2544405714285714
483,GE,2022-09-01,0.2756924
484,GE,2022-09-02,0.234574
485,GE,2022-09-05,0.11541779999999999
486,GE,2022-09-06,0.23375200000000002
487,GE,2022-09-07,0.1729973
488,GE,2022-09-08,0.19927766666666666
489,GE,2022-09-09,0.2039568
490,GE,2022-09-10,0.141563
491,GE,2022-09-12,0.2371093333333333
492,GE,2022-10-03,0.1391268
493,GE,2022-10-04,0.130492
494,GE,2022-10-05,0.24770766666666666
495,GE,2022-10-06,0.10972283333333334
496,GE,2022-10-07,0.23399099999999998
497,GE,2022-10-09,-0.043971
498,GE,2022-10-10,0.21353719999999998
499,GE,2022-10-11,0.27300066666666667
500,GE,2022-10-12,0.222549875
501,GE,2022-10-13,0.19800483333333332
502,GE,2022-10-14,0.2034985
503,GE,2022-11-01,0.24946016666666668
504,GE,2022-11-02,0.26556399999999997
505,GE,2022-11-03,0.22964083333333332
506,GE,2022-11-04,0.281046
507,GE,2022-11-05,0.290754
508,GE,2022-11-07,0.1946665
509,GE,2022-11-08,0.20570785714285716
510,GE,2022-11-09,0.2967995
511,GE,2022-11-10,0.15355371428571427
512,GE,2022-11-11,0.243885
513,GE,2022-11-13,0.294378
514,GE,2022-11-14,0.28920285714285715
515,GE,2022-12-01,0.15851685714285715
516,GE,2022-12-02,0.22085
517,GE,2022-12-03,-0.031
518,GE,2022-12-04,0.022122
519,GE,2022-12-05,0.2481555
520,GE,2022-12-06,0.2081012
521,GE,2022-12-07,0.14173633333333333
522,GE,2022-12-08,0.07507559999999999
523,GE,2022-12-09,0.288966
524,GE,2022-12-10,0.2363245
525,GE,2022-12-11,-0.014622
526,GE,2022-12-12,0.27582066666666666
527,GE,2022-12-13,0.205849
528,GE,2023-01-02,0.15094033333333334
529,GE,2023-01-03,0.0723778
530,GE,2023-01-04,0.072112
531,GE,2023-01-05,0.18289957142857144
532,GE,2023-01-06,0.13768819999999998
533,GE,2023-01-07,0.2295016666666667
534,GE,2023-01-08,0.150366
535,GE,2023-01-09,0.291277
536,GE,2023-02-01,0.07896666666666667
537,GE,2023-02-02,0.2745555
538,GE,2023-02-03,0.17415699999999998
539,GE,2023-02-04,0.174738
540,GE,2023-02-05,0.125388
541,GE,2023-02-06,0.2736552
542,GE,2023-02-07,0.204848
543,GE,2023-02-08,0.031717
544,GE,2023-02-09,0.14965124999999999
545,GE,2023-02-10,0.062974
546,GE,2023-02-11,0.20900833333333332
547,GE,2023-02-12,0.232022
548,GE,2023-02-13,0.2513491666666667
549,GE,2023-03-01,0.24682375
550,GE,2023-03-02,0.22825040000000002
551,GE,2023-03-03,0.4074276666666667
552,GE,2023-03-06,0.11487233333333334
553,GE,2023-03-07,0.24810418181818183
554,GE,2023-03-08,0.153626
555,GE,2023-03-09,0.1761556923076923
556,GE,2023-04-02,0.231941
557,GE,2023-04-03,0.27075375
558,GE,2023-04-04,0.251860375
559,GE,2023-04-05,0.2114145
560,GE,2023-04-06,0.19932642857142854
561,GE,2023-04-07,0.140789
562,GE,2023-04-10,0.29003616666666665
563,GE,2023-04-11,0.17873719999999998
564,GE,2023-04-12,0.24010119999999996
565,GE,2023-04-13,0.22909766666666664
566,GE,2023-05-01,0.221476
567,GE,2023-05-02,0.1925201666666667
568,GE,2023-05-03,0.082813
569,GE,2023-05-04,0.21606550000000002
570,GE,2023-05-05,-0.03841166666666667
571,GE,2023-05-06,0.323976
572,GE,2023-05-07,0.3222745
573,GE,2023-05-08,0.3139925714285714
574,GE,2023-05-09,0.23577725
575,GE,2023-05-10,0.377043
576,GE,2023-05-11,0.1361865
577,GE,2023-05-12,0.21189375
578,GE,2023-05-13,0.165894
579,GE,2023-05-15,0.283586
580,GE,2023-06-01,0.331065
581,GE,2023-06-02,0.147029
582,GE,2023-06-03,0.15882833333333332
583,GE,2023-06-04,0.140141
584,GE,2023-06-05,0.24316300000000002
585,GE,2023-06-06,0.2406855
586,GE,2023-06-07,0.19094355555555553
587,GE,2023-06-08,0.2005899
588,GE,2023-06-09,0.18115944444444443
589,GE,2023-06-10,0.2988765
590,GE,2023-06-11,0.101577
591,GE,2023-06-12,0.2004965
592,GE,2023-07-01,0.097272
593,GE,2023-07-02,0.17465799999999998
594,GE,2023-07-03,0.229098
595,GE,2023-07-04,0.32116666666666666
596,GE,2023-07-05,0.20247322222222222
597,GE,2023-07-06,0.16671433333333333
598,GE,2023-07-07,0.1633184
599,GE,2023-07-08,0.1655655
600,GE,2023-07-10,0.176836375
601,GE,2023-07-11,0.3464998
602,GE,2023-07-12,0.245628
603,GE,2023-07-13,0.25941175
604,GE,2023-08-01,0.25778875
605,GE,2023-08-02,0.1942342
606,GE,2023-08-03,0.3271772857142857
607,GE,2023-08-04,0.2304255
608,GE,2023-08-05,-0.01207
609,GE,2023-08-06,0.19017266666666666
610,GE,2023-08-07,0.28048233333333333
611,GE,2023-08-08,0.14377375
612,GE,2023-08-09,0.2221362
613,GE,2023-08-10,0.218385
614,GE,2023-08-11,0.2875445
615,GE,2023-08-14,0.21812242857142858
616,GE,2023-09-01,0.27730285714285713
617,GE,2023-09-02,0.189686
618,GE,2023-09-03,0.290604
619,GE,2023-09-04,0.217902
620,GE,2023-09-05,0.20371733333333333
621,GE,2023-09-06,0.017735666666666667
622,GE,2023-09-07,0.17153300000000002
623,GE,2023-09-08,0.126991
624,GE,2023-09-09,0.24847333333333332
625,GE,2023-09-11,0.22041999999999998
626,GE,2023-09-12,0.16811866666666667
627,GE,2023-09-13,0.247462
628,GE,2023-10-01,0.258728
629,GE,2023-10-02,0.2493
630,GE,2023-10-03,0.0690095
631,GE,2023-10-05,0.14855925
632,GE,2023-10-06,0.28247574999999997
633,GE,2023-10-07,0.169928
634,GE,2023-10-08,0.22689166666666663
635,GE,2023-10-09,0.275833
636,GE,2023-10-10,0.20936999999999997
637,GE,2023-10-11,0.262257
638,GE,2023-10-12,0.22716719999999996
639,GE,2023-10-13,0.24526979999999998
640,GE,2023-10-14,0.410748
641,GE,2023-10-15,0.313565
642,GE,2023-10-16,0.3215605
643,GE,2023-11-01,0.3817688
644,GE,2023-11-02,0.24804133333333334
645,GE,2023-11-03,-0.0015315000000000016
646,GE,2023-11-05,0.304162
647,GE,2023-11-06,0.16894966666666666
648,GE,2023-11-07,0.23646633333333333
649,GE,2023-11-08,0.17016979999999998
650,GE,2023-11-09,0.3059111666666667
651,GE,2023-11-10,0.23824916666666665
652,GE,2023-11-11,0.1912665
653,GE,2023-11-12,0.232756
654,GE,2023-11-13,0.2288672
655,GE,2023-12-01,0.2605
656,GE,2023-12-02,-0.042408
657,GE,2023-12-04,0.21477166666666667
658,GE,2023-12-05,0.3093005
659,GE,2023-12-06,0.21519583333333334
660,GE,2023-12-07,0.147185
661,GE,2023-12-08,0.3484096
662,GE,2023-12-10,0.217693
663,GE,2023-12-11,0.17498133333333332
664,GE,2023-12-12,0.21384533333333333
665,GE,2023-12-13,0.08351866666666667
666,GE,2023-12-14,0.25458200000000003
667,GE,2023-12-15,0.265537
668,GE,2024-01-02,0.199767
669,GE,2024-01-03,0.1319595
670,GE,2024-01-04,0.262904
671,GE,2024-01-05,0.2654458571428571
672,GE,2024-01-08,0.2600947142857143
673,GE,2024-01-09,0.21253
674,GE,2024-01-10,0.25927880000000003
675,GE,2024-01-11,0.25187360000000003
676,GE,2024-01-12,0.22688333333333333
677,GE,2024-01-14,0.088668
678,GE,2024-01-15,0.10259925
679,GE,2024-01-16,0.16195
680,GE,2024-02-01,0.27866375
681,GE,2024-02-02,0.2741504
682,GE,2024-02-03,0.1839375
683,GE,2024-02-04,0.338951
684,GE,2024-02-05,0.2396967
685,GE,2024-02-06,0.32976174999999996
686,GE,2024-02-07,0.2826106666666667
687,GE,2024-02-08,0.12344580000000001
688,GE,2024-02-09,0.15945783333333333
689,GE,2024-02-11,0.10135899999999999
690,GE,2024-02-12,0.194316
691,GE,2024-02-13,0.251845
692,GE,2024-02-14,0.248015
693,GE,2024-03-01,0.23284000000000002
694,GE,2024-03-04,0.2814425
695,GE,2024-03-05,0.256731
696,GE,2024-03-06,0.280045
697,GE,2024-03-07,0.2375244
698,GE,2024-03-08,0.30750299999999997
699,GE,2024-03-09,0.257002
700,GE,2024-03-10,0.281839
701,GE,2024-03-11,0.28408116666666666
702,GE,2024-03-12,0.2644015
703,GE,2024-03-13,0.18144466666666667
704,GE,2024-03-14,0.22000025
705,GE,2024-03-15,0.24877966666666665
706,GOOG,2022-03-01,-0.104327
707,GOOG,2022-03-02,-0.319781
708,GOOG,2022-03-03,-0.158613
709,GOOG,2022-03-04,-0.011590066666666668
710,GOOG,2022-03-05,-0.28285238461538464
711,GOOG,2022-03-06,-0.1508555714285714
712,GOOG,2022-03-07,-0.142054
713,GOOG,2022-04-01,-0.03191914
714,GOOG,2022-05-01,-0.057759888888888895
715,GOOG,2022-05-02,-0.00642170731707317
716,GOOG,2022-06-01,0.052884099999999996
717,GOOG,2022-07-01,0.0033343599999999998
718,GOOG,2022-08-01,0.15376546
719,GOOG,2022-09-01,0.18453160000000002
720,GOOG,2022-10-01,0.1301069333333333
721,GOOG,2022-10-02,0.10562252631578947
722,GOOG,2022-10-03,0.266656
723,GOOG,2022-11-01,0.17640478
724,GOOG,2022-12-01,0.14688732
725,GOOG,2023-01-01,0.1801995
726,GOOG,2023-01-02,0.12773076666666666
727,GOOG,2023-02-01,0.11469504000000001
728,GOOG,2023-03-01,0.15156362
729,GOOG,2023-04-01,0.12495979545454544
730,GOOG,2023-04-02,0.14766866666666667
731,GOOG,2023-05-01,0.15938438
732,GOOG,2023-06-01,0.16945997999999998
733,GOOG,2023-07-01,0.1023715
734,GOOG,2023-08-01,0.23998712
735,GOOG,2023-09-01,0.15296494
736,GOOG,2023-10-01,0.1167140606060606
737,GOOG,2023-10-02,0.14875835294117645
738,GOOG,2023-11-01,0.14790058
739,GOOG,2023-12-01,0.20220892
740,GOOG,2024-01-01,0.16064542857142858
741,GOOG,2024-01-02,0.18145133333333333
742,GOOG,2024-02-01,0.15590944
743,GOOG,2024-03-01,0.2190318
744,LIN,2022-03-06,0.619608
745,LIN,2022-03-08,0.029527
746,LIN,2022-03-10,0.098308
747,LIN,2022-03-14,-0.250674
748,LIN,2022-03-16,-0.185964
749,LIN,2022-03-17,0.053403
750,LIN,2022-03-21,0.095834
751,LIN,2022-03-24,0.133011
752,LIN,2022-03-29,0.050553
753,LIN,2022-04-04,0.085127
754,LIN,2022-04-14,0.008404999999999998
755,LIN,2022-04-18,-0.028006
756,LIN,2022-04-20,0.196639
757,LIN,2022-04-21,-0.024505333333333334
758,LIN,2022-04-26,-0.0139145
759,LIN,2022-04-27,-0.016737
760,LIN,2022-04-28,0.0106096
761,LIN,2022-05-05,0.086297
762,LIN,2022-05-10,0.042519999999999995
763,LIN,2022-05-11,-0.0179125
764,LIN,2022-05-12,0.010745
765,LIN,2022-05-17,0.082459
766,LIN,2022-05-18,0.0414
767,LIN,2022-05-19,-0.202766
768,LIN,2022-05-24,0.002374
769,LIN,2022-05-31,-0.08050550000000001
770,LIN,2022-06-02,0.224025
771,LIN,2022-06-03,0.050028
772,LIN,2022-06-06,-0.10162299999999999
773,LIN,2022-06-07,0.248898
774,LIN,2022-06-08,0.0499995
775,LIN,2022-06-10,-0.13383875
776,LIN,2022-06-13,0.220396
777,LIN,2022-06-14,-0.009261
778,LIN,2022-06-17,0.0430755
779,LIN,2022-06-21,-0.012491
780,LIN,2022-06-22,-0.072265
781,LIN,2022-06-23,0.014232000000000002
782,LIN,2022-06-24,-0.051948
783,LIN,2022-06-29,0.08063866666666666
784,LIN,2022-06-30,0.030801000000000002
785,LIN,2022-07-04,0.152691
786,LIN,2022-07-07,0.007252999999999999
787,LIN,2022-07-08,-0.00947
788,LIN,2022-07-13,0.170601
789,LIN,2022-07-14,0.24941449999999998
790,LIN,2022-07-15,0.16902999999999999
791,LIN,2022-07-18,0.283421
792,LIN,2022-07-20,0.483253
793,LIN,2022-07-22,0.17885
794,LIN,2022-07-25,0.125922
795,LIN,2022-07-26,0.279767
796,LIN,2022-07-28,0.207094
797,LIN,2022-07-29,0.099062
798,LIN,2022-08-01,0.160819
799,LIN,2022-08-08,0.21865
800,LIN,2022-08-10,0.14447300000000002
801,LIN,2022-08-15,0.1756595
802,LIN,2022-08-17,0.087202
803,LIN,2022-08-18,0.190104
804,LIN,2022-08-22,0.195681
805,LIN,2022-08-24,0.239502
806,LIN,2022-08-25,0.42003
807,LIN,2022-08-30,0.212645
808,LIN,2022-09-02,0.143135
809,LIN,2022-09-06,0.278772
810,LIN,2022-09-12,0.254201
811,LIN,2022-09-13,0.331427
812,LIN,2022-09-15,0.193022
813,LIN,2022-09-16,0.2272935
814,LIN,2022-09-19,0.1825865
815,LIN,2022-09-20,0.206612
816,LIN,2022-09-23,0.252733
817,LIN,2022-09-25,0.125055
818,LIN,2022-09-26,0.158373
819,LIN,2022-10-03,0.10861
820,LIN,2022-10-04,0.180167
821,LIN,2022-10-05,0.153681
822,LIN,2022-10-17,0.025889749999999996
823,LIN,2022-10-19,0.237532
824,LIN,2022-10-20,0.147142
825,LIN,2022-10-21,0.098773
826,LIN,2022-10-24,0.188598
827,LIN,2022-10-25,0.15721
828,LIN,2022-10-27,0.1680946
829,LIN,2022-11-02,0.226011
830,LIN,2022-11-04,-0.016706
831,LIN,2022-11-08,0.222883
832,LIN,2022-11-14,0.211405
833,LIN,2022-11-18,0.3352695
834,LIN,2022-11-21,0.319472
835,LIN,2022-11-23,0.165721
836,LIN,2022-11-24,0.22967949999999998
837,LIN,2022-11-25,0.24189750000000002
838,LIN,2022-12-01,0.188678
839,LIN,2022-12-05,0.216385
840,LIN,2022-12-06,0.23690899999999998
841,LIN,2022-12-07,0.113069
842,LIN,2022-12-09,0.2195855
843,LIN,2022-12-13,0.264478
844,LIN,2022-12-15,-0.090462
845,LIN,2022-12-16,0.111494
846,LIN,2022-12-19,0.235562
847,LIN,2022-12-21,0.369817
848,LIN,2022-12-22,0.373766
849,LIN,2023-01-03,0.191152
850,LIN,2023-01-04,0.03751500000000001
851,LIN,2023-01-05,0.146121
852,LIN,2023-01-09,0.227333
853,LIN,2023-01-10,0.24645099999999998
854,LIN,2023-01-12,0.261231
855,LIN,2023-01-13,0.397576
856,LIN,2023-01-16,0.121807
857,LIN,2023-01-18,0.150681
858,LIN,2023-01-19,0.052232
859,LIN,2023-01-20,0.3379476666666667
860,LIN,2023-01-24,0.213481
861,LIN,2023-01-25,0.218234
862,LIN,2023-01-26,0.386288
863,LIN,2023-01-30,0.2486725
864,LIN,2023-01-31,0.183956
865,LIN,2023-02-02,0.186796
866,LIN,2023-02-03,0.2665146
867,LIN,2023-02-04,0.056276
868,LIN,2023-02-06,0.3821906666666666
869,LIN,2023-02-07,0.16211633333333333
870,LIN,2023-02-08,0.2480256666666667
871,LIN,2023-02-10,0.2026825
872,LIN,2023-02-17,0.035999
873,LIN,2023-02-20,0.166407
874,LIN,2023-02-27,0.15757159999999998
875,LIN,2023-02-28,0.24042233333333332
876,LIN,2023-03-01,0.2534995
877,LIN,2023-03-02,0.205498
878,LIN,2023-03-03,0.160696
879,LIN,2023-03-06,0.17149499999999998
880,LIN,2023-03-07,0.14429366666666665
881,LIN,2023-03-08,0.152944
882,LIN,2023-03-09,0.2552035
883,LIN,2023-03-13,0.180381
884,LIN,2023-03-15,0.2545485
885,LIN,2023-03-17,0.296381
886,LIN,2023-03-21,0.177395
887,LIN,2023-03-22,0.129848
888,LIN,2023-03-23,0.1791005
889,LIN,2023-03-24,0.187095
890,LIN,2023-03-27,0.26385
891,LIN,2023-03-28,0.20880549999999998
892,LIN,2023-03-29,0.24169825
893,LIN,2023-03-30,0.1672925
894,LIN,2023-03-31,0.22675800000000002
895,LIN,2023-04-03,0.245882
896,LIN,2023-04-04,0.2116895
897,LIN,2023-04-05,0.22887016666666668
898,LIN,2023-04-06,0.236409
899,LIN,2023-04-07,0.277586
900,LIN,2023-04-10,0.19225633333333333
901,LIN,2023-04-11,0.2173784
902,LIN,2023-04-12,0.2540792
903,LIN,2023-04-13,0.28266399999999997
904,LIN,2023-04-14,0.231361
905,LIN,2023-04-17,0.2555995
906,LIN,2023-04-18,0.2732125
907,LIN,2023-04-19,0.2685996666666666
908,LIN,2023-04-20,0.12625
909,LIN,2023-04-21,0.16333475
910,LIN,2023-04-24,0.201627
911,LIN,2023-05-02,0.12150866666666667
912,LIN,2023-05-03,0.13280266666666665
913,LIN,2023-05-04,0.0802
914,LIN,2023-05-05,0.10137925
915,LIN,2023-05-08,0.010029666666666668
916,LIN,2023-05-09,0.15521225
917,LIN,2023-05-10,0.09075259999999999
918,LIN,2023-05-11,0.10209099999999999
919,LIN,2023-05-12,0.16157633333333335
920,LIN,2023-05-15,-0.002423
921,LIN,2023-05-16,0.10504
922,LIN,2023-05-17,0.203917
923,LIN,2023-05-18,0.22622520000000002
924,LIN,2023-05-19,0.120311
925,LIN,2023-05-20,0.257223
926,LIN,2023-05-22,0.2826535
927,LIN,2023-06-02,0.303294
928,LIN,2023-06-05,0.18191949999999998
929,LIN,2023-06-06,0.20955075
930,LIN,2023-06-07,0.17799966666666667
931,LIN,2023-06-08,0.21604199999999998
932,LIN,2023-06-09,0.4200296666666667
933,LIN,2023-06-12,0.2885783333333333
934,LIN,2023-06-13,0.2663348
935,LIN,2023-06-14,0.26669719999999997
936,LIN,2023-06-15,0.246694625
937,LIN,2023-06-16,0.19837466666666667
938,LIN,2023-06-18,0.130805
939,LIN,2023-06-19,0.155906
940,LIN,2023-07-03,0.215159
941,LIN,2023-07-04,0.2036168
942,LIN,2023-07-05,0.2582625
943,LIN,2023-07-06,0.18100775
944,LIN,2023-07-07,0.3364766666666667
945,LIN,2023-07-10,0.29044919999999996
946,LIN,2023-07-11,0.236641
947,LIN,2023-07-12,0.29018066666666664
948,LIN,2023-07-13,0.36408199999999996
949,LIN,2023-07-14,0.158476
950,LIN,2023-07-17,0.230479
951,LIN,2023-07-18,0.215682
952,LIN,2023-07-19,0.270405
953,LIN,2023-07-20,0.171345
954,LIN,2023-07-21,0.25712466666666667
955,LIN,2023-07-24,0.1820385
956,LIN,2023-07-25,0.172376
957,LIN,2023-07-26,0.141116
958,LIN,2023-07-27,0.212888
959,LIN,2023-07-28,0.170311
960,LIN,2023-08-04,0.2561435
961,LIN,2023-08-09,0.160819
962,LIN,2023-08-11,0.259117
963,LIN,2023-08-14,0.161048
964,LIN,2023-08-15,0.147592
965,LIN,2023-08-16,0.199665
966,LIN,2023-08-17,0.255627
967,LIN,2023-08-25,0.160819
968,LIN,2023-08-28,0.217034
969,LIN,2023-08-29,0.406291
970,LIN,2023-09-01,0.17000600000000002
971,LIN,2023-09-04,0.200207
972,LIN,2023-09-05,0.202815
973,LIN,2023-09-07,0.176869
974,LIN,2023-09-08,0.184029
975,LIN,2023-09-11,0.14312
976,LIN,2023-09-14,0.245383
977,LIN,2023-09-15,0.1599315
978,LIN,2023-09-16,0.190005
979,LIN,2023-09-19,0.220642
980,LIN,2023-09-20,0.254531
981,LIN,2023-09-21,0.178291
982,LIN,2023-09-27,0.1751043333333333
983,LIN,2023-09-28,0.242565
984,LIN,2023-10-03,0.08504
985,LIN,2023-10-04,0.425447
986,LIN,2023-10-05,0.422434
987,LIN,2023-10-06,0.2621635
988,LIN,2023-10-08,0.402285
989,LIN,2023-10-09,0.156093
990,LIN,2023-10-13,0.075358
991,LIN,2023-10-16,0.145565
992,LIN,2023-10-17,0.170587
993,LIN,2023-10-19,0.19072466666666665
994,LIN,2023-10-20,0.140889
995,LIN,2023-10-23,0.196368
996,LIN,2023-10-24,0.170172
997,LIN,2023-10-26,0.159553
998,LIN,2023-10-31,0.2826795
999,LIN,2023-11-01,0.13326949999999999
1000,LIN,2023-11-02,0.026411499999999997
1001,LIN,2023-11-03,0.28584933333333334
1002,LIN,2023-11-06,0.194365
1003,LIN,2023-11-07,0.30385840000000003
1004,LIN,2023-11-08,0.20266333333333333
1005,LIN,2023-11-09,0.035566
1006,LIN,2023-11-10,-0.045559
1007,LIN,2023-11-13,0.180492
1008,LIN,2023-11-14,0.3932055
1009,LIN,2023-11-15,0.191892
1010,LIN,2023-11-16,0.163912
1011,LIN,2023-11-17,0.160819
1012,LIN,2023-11-21,0.271626
1013,LIN,2023-11-23,0.25746633333333335
1014,LIN,2023-11-24,0.1226695
1015,LIN,2023-11-26,-0.108221
1016,LIN,2023-11-27,0.3371515
1017,LIN,2023-11-28,0.377496
1018,LIN,2023-11-29,0.193914
1019,LIN,2023-12-04,0.160819
1020,LIN,2023-12-06,0.12338350000000001
1021,LIN,2023-12-13,0.16782249999999999
1022,LIN,2023-12-14,0.213977
1023,LIN,2023-12-15,0.338146
1024,LIN,2023-12-20,0.180868
1025,LIN,2023-12-21,0.175709
1026,LIN,2023-12-28,0.26379033333333335
1027,LIN,2023-12-29,0.3039535
1028,LIN,2024-01-03,0.158427
1029,LIN,2024-01-08,0.16517
1030,LIN,2024-01-09,0.20298624999999998
1031,LIN,2024-01-10,0.401629
1032,LIN,2024-01-12,0.267418
1033,LIN,2024-01-14,0.346628
1034,LIN,2024-01-17,0.2922045
1035,LIN,2024-01-18,0.19972175
1036,LIN,2024-01-19,0.2890005
1037,LIN,2024-01-24,0.23945833333333333
1038,LIN,2024-01-29,0.148981
1039,LIN,2024-01-30,0.16827599999999998
1040,LIN,2024-02-01,0.19792933333333332
1041,LIN,2024-02-02,0.160819
1042,LIN,2024-02-05,0.352837
1043,LIN,2024-02-06,0.20495666666666668
1044,LIN,2024-02-07,0.2798363333333333
1045,LIN,2024-02-12,0.160819
1046,LIN,2024-02-14,0.327685
1047,LIN,2024-02-15,0.317144
1048,LIN,2024-02-21,0.15205
1049,LIN,2024-02-23,0.168202
1050,LIN,2024-03-01,0.2430235
1051,LIN,2024-03-05,0.3052535
1052,LIN,2024-03-06,0.2708225
1053,LIN,2024-03-07,0.19996550000000002
1054,LIN,2024-03-08,0.303976
1055,LIN,2024-03-09,0.19430750000000002
1056,LIN,2024-03-11,0.1558605
1057,LIN,2024-03-12,0.11122
1058,LIN,2024-03-13,0.181356
1059,LIN,2024-03-14,0.2503152
1060,LIN,2024-03-18,0.2886786666666667
1061,LIN,2024-03-19,0.131298
1062,LIN,2024-03-20,0.276212
1063,LIN,2024-03-21,0.087796
1064,LIN,2024-03-22,0.110787
1065,LIN,2024-03-26,0.1880845
1066,LIN,2024-03-27,0.262649
1067,LIN,2024-03-28,0.361076
1068,LIN,2024-03-29,0.273581
1069,LLY,2022-05-12,0.064239
1070,LLY,2022-05-19,0.02127
1071,LLY,2022-05-20,-0.011469
1072,LLY,2022-05-23,-0.113675
1073,LLY,2022-07-11,0.20715425
1074,LLY,2022-07-12,0.282772
1075,LLY,2022-07-13,0.19874066666666668
1076,LLY,2022-07-14,0.190356
1077,LLY,2022-07-15,0.24811619999999998
1078,LLY,2022-07-18,0.304825
1079,LLY,2022-07-19,0.06946
1080,LLY,2022-07-20,0.12478333333333334
1081,LLY,2022-07-21,0.2267448
1082,LLY,2022-07-22,0.15457233333333334
1083,LLY,2022-07-23,0.167361
1084,LLY,2022-07-25,0.21277066666666666
1085,LLY,2022-07-27,0.1431025
1086,LLY,2022-07-28,0.16925783333333333
1087,LLY,2022-07-29,0.12823033333333334
1088,LLY,2022-07-30,0.084546
1089,LLY,2022-08-01,0.13430144444444445
1090,LLY,2022-08-02,0.072934
1091,LLY,2022-08-03,0.1398647142857143
1092,LLY,2022-08-04,0.08689339130434783
1093,LLY,2022-09-05,0.133292
1094,LLY,2022-09-06,0.14883575
1095,LLY,2022-09-07,0.22323366666666666
1096,LLY,2022-09-08,0.237186
1097,LLY,2022-09-09,0.11225979999999999
1098,LLY,2022-09-12,0.21300533333333335
1099,LLY,2022-09-13,0.2880665
1100,LLY,2022-09-14,0.2164635
1101,LLY,2022-09-15,0.1908416
1102,LLY,2022-09-16,0.098923
1103,LLY,2022-09-17,0.250761
1104,LLY,2022-09-19,0.1328335
1105,LLY,2022-09-20,0.136583
1106,LLY,2022-09-21,0.19841266666666665
1107,LLY,2022-09-22,0.15055027272727273
1108,LLY,2022-09-23,0.23188325
1109,LLY,2022-10-01,0.263768
1110,LLY,2022-10-03,0.23037766666666668
1111,LLY,2022-10-04,0.170131
1112,LLY,2022-10-05,0.2506756666666667
1113,LLY,2022-10-06,0.201538
1114,LLY,2022-10-07,0.14966444444444446
1115,LLY,2022-10-08,0.062301999999999996
1116,LLY,2022-10-09,-0.055954
1117,LLY,2022-10-10,0.1003355
1118,LLY,2022-10-11,0.06541583333333333
1119,LLY,2022-10-12,0.17690899999999998
1120,LLY,2022-10-13,0.11748733333333335
1121,LLY,2022-11-01,0.13521091304347826
1122,LLY,2022-11-02,0.225928
1123,LLY,2022-11-04,0.06956985714285714
1124,LLY,2022-11-07,0.08195250000000001
1125,LLY,2022-11-08,0.157141
1126,LLY,2022-11-10,-0.07793649999999999
1127,LLY,2022-11-11,0.0202086
1128,LLY,2022-11-12,0.033307500000000004
1129,LLY,2022-11-13,-0.233329
1130,LLY,2022-11-14,0.005541250000000001
1131,LLY,2022-12-01,0.147261
1132,LLY,2022-12-02,0.0947582
1133,LLY,2022-12-05,0.23935849999999997
1134,LLY,2022-12-07,0.08073224999999999
1135,LLY,2022-12-08,0.11815300000000001
1136,LLY,2022-12-09,0.21040099999999998
1137,LLY,2022-12-12,0.13651725
1138,LLY,2022-12-13,0.227689
1139,LLY,2022-12-14,0.2521596666666666
1140,LLY,2022-12-15,0.126168
1141,LLY,2022-12-16,-0.033135500000000005
1142,LLY,2022-12-17,0.2145865
1143,LLY,2022-12-19,0.14291974999999998
1144,LLY,2022-12-20,0.195591
1145,LLY,2023-01-01,0.1777455
1146,LLY,2023-01-03,0.1219325
1147,LLY,2023-01-04,0.123042
1148,LLY,2023-01-05,0.10817849999999998
1149,LLY,2023-01-06,0.16896533333333333
1150,LLY,2023-01-07,0.147288
1151,LLY,2023-01-09,0.20134166666666667
1152,LLY,2023-01-10,0.165132
1153,LLY,2023-01-11,0.22191266666666667
1154,LLY,2023-01-12,0.1712715
1155,LLY,2023-01-13,0.08777725
1156,LLY,2023-01-14,0.092997
1157,LLY,2023-01-16,0.173903
1158,LLY,2023-01-17,0.20012649999999998
1159,LLY,2023-01-18,0.086229
1160,LLY,2023-02-01,0.15689
1161,LLY,2023-02-02,0.09933216666666667
1162,LLY,2023-02-03,0.102583
1163,LLY,2023-02-06,0.131174
1164,LLY,2023-02-07,0.183202
1165,LLY,2023-02-08,0.225205
1166,LLY,2023-02-09,0.217503
1167,LLY,2023-02-10,0.1294765
1168,LLY,2023-02-11,0.266094
1169,LLY,2023-02-13,0.20598650000000002
1170,LLY,2023-02-14,0.171257
1171,LLY,2023-02-16,0.1888276666666667
1172,LLY,2023-02-17,0.1376655
1173,LLY,2023-02-20,0.276352
1174,LLY,2023-02-21,0.258893
1175,LLY,2023-02-22,0.166219
1176,LLY,2023-03-01,0.031812571428571426
1177,LLY,2023-03-02,0.251674
1178,LLY,2023-03-03,0.1792562
1179,LLY,2023-03-04,0.192417
1180,LLY,2023-03-06,0.13729375
1181,LLY,2023-03-07,0.1433974
1182,LLY,2023-03-08,0.0883282
1183,LLY,2023-03-09,0.12003316666666668
1184,LLY,2023-03-10,0.05810666666666667
1185,LLY,2023-03-13,0.08009859999999999
1186,LLY,2023-03-14,0.136282
1187,LLY,2023-03-15,0.12452200000000001
1188,LLY,2023-04-04,0.218777
1189,LLY,2023-04-05,0.1324295
1190,LLY,2023-04-06,0.1429695
1191,LLY,2023-04-07,0.20101666666666665
1192,LLY,2023-04-10,0.197745
1193,LLY,2023-04-11,0.22437825
1194,LLY,2023-04-12,0.2420295
1195,LLY,2023-04-13,0.20063079999999997
1196,LLY,2023-04-14,0.12992599999999999
1197,LLY,2023-04-17,0.15324333333333331
1198,LLY,2023-04-18,0.095946
1199,LLY,2023-04-19,0.1737615
1200,LLY,2023-04-20,0.23403533333333335
1201,LLY,2023-05-01,0.17417575
1202,LLY,2023-05-02,0.191496
1203,LLY,2023-05-03,0.08121207142857144
1204,LLY,2023-05-04,0.17688745454545454
1205,LLY,2023-05-05,0.14965625
1206,LLY,2023-05-06,0.26158499999999996
1207,LLY,2023-05-07,0.172394
1208,LLY,2023-05-08,0.21814675
1209,LLY,2023-05-09,0.08884525
1210,LLY,2023-05-10,0.038800749999999995
1211,LLY,2023-06-01,0.212902
1212,LLY,2023-06-02,0.162603
1213,LLY,2023-06-03,0.35523099999999996
1214,LLY,2023-06-05,0.10014999999999999
1215,LLY,2023-06-06,0.097611
1216,LLY,2023-06-07,0.207692
1217,LLY,2023-06-08,0.128496
1218,LLY,2023-06-09,0.18335133333333334
1219,LLY,2023-06-10,0.071934
1220,LLY,2023-06-12,0.166941
1221,LLY,2023-06-13,0.19122966666666666
1222,LLY,2023-06-14,-0.07553425
1223,LLY,2023-06-15,0.1475012
1224,LLY,2023-06-16,0.1875432
1225,LLY,2023-06-19,0.199974
1226,LLY,2023-06-20,0.17187391666666665
1227,LLY,2023-07-01,0.1440905
1228,LLY,2023-07-02,0.228447
1229,LLY,2023-07-03,0.208988
1230,LLY,2023-07-05,0.130322
1231,LLY,2023-07-06,0.1421123333333333
1232,LLY,2023-07-07,0.10191014285714285
1233,LLY,2023-07-10,0.1648274
1234,LLY,2023-07-11,0.143766
1235,LLY,2023-07-12,0.1479085
1236,LLY,2023-07-13,0.0565388
1237,LLY,2023-07-14,0.101031875
1238,LLY,2023-07-17,0.23141516666666664
1239,LLY,2023-08-01,0.08589475
1240,LLY,2023-08-02,0.09841733333333334
1241,LLY,2023-08-03,-0.004874
1242,LLY,2023-08-04,0.07919825
1243,LLY,2023-08-05,0.08319833333333333
1244,LLY,2023-08-06,0.300281
1245,LLY,2023-08-07,0.061133875000000004
1246,LLY,2023-08-08,0.07481952380952381
1247,LLY,2023-09-01,0.15317799999999998
1248,LLY,2023-09-04,0.265104
1249,LLY,2023-09-05,0.1717888
1250,LLY,2023-09-06,0.162022
1251,LLY,2023-09-07,0.13048375
1252,LLY,2023-09-08,0.221606
1253,LLY,2023-09-09,0.2409885
1254,LLY,2023-09-10,0.15603
1255,LLY,2023-09-11,0.289849
1256,LLY,2023-09-12,0.25820750000000003
1257,LLY,2023-09-13,0.17868216666666667
1258,LLY,2023-09-14,0.089587
1259,LLY,2023-09-15,0.272204
1260,LLY,2023-09-16,0.224724
1261,LLY,2023-09-18,0.197567
1262,LLY,2023-10-02,0.19710014285714283
1263,LLY,2023-10-03,0.09298336842105263
1264,LLY,2023-10-04,0.13138057142857143
1265,LLY,2023-10-05,0.172221875
1266,LLY,2023-10-06,0.13304955555555556
1267,LLY,2023-11-01,0.1553882
1268,LLY,2023-11-02,0.12773071428571428
1269,LLY,2023-11-03,0.15946466666666667
1270,LLY,2023-11-05,0.283079
1271,LLY,2023-11-06,0.14667824999999998
1272,LLY,2023-11-07,0.2167385
1273,LLY,2023-11-08,0.07517444444444446
1274,LLY,2023-12-01,0.140674
1275,LLY,2023-12-02,0.210148
1276,LLY,2023-12-03,0.226255
1277,LLY,2023-12-04,0.1649370769230769
1278,LLY,2023-12-05,0.09714039999999999
1279,LLY,2023-12-06,0.062655
1280,LLY,2023-12-07,0.16527633333333333
1281,LLY,2023-12-08,0.12341899999999999
1282,LLY,2024-01-01,0.18845
1283,LLY,2024-01-02,0.13836275
1284,LLY,2024-01-03,0.12487577777777778
1285,LLY,2024-01-04,0.14218825
1286,LLY,2024-01-05,0.17936819999999998
1287,LLY,2024-01-06,0.14435266666666668
1288,LLY,2024-01-07,0.103625
1289,LLY,2024-02-01,0.0646385
1290,LLY,2024-02-02,0.1362495
1291,LLY,2024-02-04,0.1503675
1292,LLY,2024-02-05,0.11134061538461539
1293,LLY,2024-02-06,0.151344
1294,LLY,2024-03-01,0.20622949999999998
1295,LLY,2024-03-02,0.2311075
1296,LLY,2024-03-03,0.23818299999999998
1297,LLY,2024-03-04,0.16033433333333333
1298,LLY,2024-03-05,0.15442025
1299,LLY,2024-03-06,0.15908540000000002
1300,LLY,2024-03-07,0.1276132857142857
1301,LLY,2024-03-08,0.16786691666666667
1302,MSFT,2022-03-01,0.031452
1303,MSFT,2022-03-02,-0.18131266666666668
1304,MSFT,2022-03-03,-0.1249486
1305,MSFT,2022-03-04,-0.03819128571428572
1306,MSFT,2022-03-05,-0.239773
1307,MSFT,2022-03-06,-0.058149666666666676
1308,MSFT,2022-03-07,-0.09970727272727271
1309,MSFT,2022-04-01,-0.0332819756097561
1310,MSFT,2022-04-02,0.08335377777777778
1311,MSFT,2022-05-01,-0.06720266666666667
1312,MSFT,2022-05-02,-0.09277427272727272
1313,MSFT,2022-06-01,0.0321701875
1314,MSFT,2022-06-02,0.1464085
1315,MSFT,2022-07-01,-0.0545251
1316,MSFT,2022-08-01,0.17250506000000002
1317,MSFT,2022-09-01,0.12690286
1318,MSFT,2022-10-01,0.17517381818181818
1319,MSFT,2022-10-02,0.13730309999999998
1320,MSFT,2022-10-03,0.1804548620689655
1321,MSFT,2022-11-01,0.18197551999999997
1322,MSFT,2022-12-01,0.21921864
1323,MSFT,2023-01-01,0.11575876923076923
1324,MSFT,2023-01-02,0.20038904347826086
1325,MSFT,2023-01-03,0.14568435714285716
1326,MSFT,2023-02-01,0.14904130000000002
1327,MSFT,2023-03-01,0.17538878
1328,MSFT,2023-04-01,0.1513801052631579
1329,MSFT,2023-04-02,0.16698578571428574
1330,MSFT,2023-04-03,0.15447229411764707
1331,MSFT,2023-05-01,0.17386112
1332,MSFT,2023-06-01,0.1724896388888889
1333,MSFT,2023-06-02,0.19395350000000003
1334,MSFT,2023-07-01,0.1605656
1335,MSFT,2023-07-02,0.12434773684210527
1336,MSFT,2023-07-03,0.1754639090909091
1337,MSFT,2023-08-01,0.22099682
1338,MSFT,2023-09-01,0.20541928571428572
1339,MSFT,2023-09-02,0.224851875
1340,MSFT,2023-10-01,0.1438055882352941
1341,MSFT,2023-10-02,0.16306503030303032
1342,MSFT,2023-11-01,0.18135592
1343,MSFT,2023-12-01,0.16874856000000002
1344,MSFT,2024-01-01,0.14573473913043478
1345,MSFT,2024-01-02,0.18469170370370372
1346,MSFT,2024-02-01,0.13928796
1347,MSFT,2024-03-01,0.19277988000000001
1348,NVDA,2022-03-03,0.0006220000000000002
1349,NVDA,2022-03-04,-0.0933155
1350,NVDA,2022-03-06,-0.365286
1351,NVDA,2022-03-07,-0.08959109999999999
1352,NVDA,2022-03-08,0.06768916000000001
1353,NVDA,2022-04-01,-0.022695461538461543
1354,NVDA,2022-04-02,0.10596625
1355,NVDA,2022-04-03,-0.0073492
1356,NVDA,2022-04-04,0.0508915
1357,NVDA,2022-04-05,-0.018785624999999997
1358,NVDA,2022-05-02,-0.057790148148148146
1359,NVDA,2022-05-03,-0.05826395454545454
1360,NVDA,2022-05-04,-0.056048
1361,NVDA,2022-06-01,0.0015652999999999997
1362,NVDA,2022-06-02,-0.05398057142857143
1363,NVDA,2022-06-03,-0.08543275
1364,NVDA,2022-07-01,-0.13323868181818183
1365,NVDA,2022-07-02,-0.115138
1366,NVDA,2022-07-03,-0.026723999999999994
1367,NVDA,2022-07-04,0.271152
1368,NVDA,2022-07-05,-0.10184070588235293
1369,NVDA,2022-08-01,0.10686457142857143
1370,NVDA,2022-08-02,0.11043157142857142
1371,NVDA,2022-08-03,0.15597242857142857
1372,NVDA,2022-08-04,0.028565
1373,NVDA,2022-09-01,-0.01099074
1374,NVDA,2022-10-01,0.12234500000000001
1375,NVDA,2022-10-02,0.1299216
1376,NVDA,2022-10-03,0.0910026875
1377,NVDA,2022-10-04,0.1252370476190476
1378,NVDA,2022-10-05,0.0784115
1379,NVDA,2022-11-01,0.1506845
1380,NVDA,2022-11-02,0.15715453846153846
1381,NVDA,2022-11-03,0.072276
1382,NVDA,2022-11-04,0.07005116666666666
1383,NVDA,2022-11-05,0.149865
1384,NVDA,2022-11-06,0.005761500000000003
1385,NVDA,2022-11-07,0.07039033333333333
1386,NVDA,2022-12-01,0.15717627272727272
1387,NVDA,2022-12-02,0.1192308
1388,NVDA,2022-12-03,0.13144325
1389,NVDA,2022-12-04,0.18909499999999999
1390,NVDA,2022-12-05,0.13040906666666668
1391,NVDA,2022-12-06,-0.121604
1392,NVDA,2023-01-01,0.0731854
1393,NVDA,2023-01-02,0.042860166666666664
1394,NVDA,2023-01-03,0.18009823333333333
1395,NVDA,2023-01-04,0.07012888888888888
1396,NVDA,2023-02-01,0.14422536363636362
1397,NVDA,2023-02-02,0.15747882352941178
1398,NVDA,2023-02-03,0.238981
1399,NVDA,2023-03-01,0.0916936
1400,NVDA,2023-03-02,0.17164754545454544
1401,NVDA,2023-03-03,0.136908
1402,NVDA,2023-04-01,0.15320072727272727
1403,NVDA,2023-04-02,0.10412711111111111
1404,NVDA,2023-04-03,0.1893648
1405,NVDA,2023-04-04,0.2079922
1406,NVDA,2023-05-01,0.16267937931034482
1407,NVDA,2023-05-02,0.11263507692307692
1408,NVDA,2023-05-03,0.20157575
1409,NVDA,2023-06-01,0.13955175
1410,NVDA,2023-06-02,0.1204587142857143
1411,NVDA,2023-07-01,0.1527841
1412,NVDA,2023-07-02,0.15864599999999998
1413,NVDA,2023-07-03,0.19011833333333333
1414,NVDA,2023-08-01,0.1530279142857143
1415,NVDA,2023-08-02,0.20504226666666667
1416,NVDA,2023-09-01,0.18306014285714284
1417,NVDA,2023-09-02,0.33723
1418,NVDA,2023-10-01,0.20764950000000001
1419,NVDA,2023-10-02,0.18143973684210526
1420,NVDA,2023-11-01,0.16310112765957446
1421,NVDA,2023-11-02,0.166012
1422,NVDA,2023-12-01,0.1927475918367347
1423,NVDA,2023-12-02,0.083234
1424,NVDA,2024-01-01,0.19045121428571427
1425,NVDA,2024-01-02,0.19486133333333333
1426,NVDA,2024-02-01,0.17941552000000002
1427,NVDA,2024-03-01,0.22269472
1428,UNH,2022-03-04,0.06122
1429,UNH,2022-03-07,0.016074
1430,UNH,2022-03-08,-0.24420200000000003
1431,UNH,2022-03-09,0.030119800000000002
1432,UNH,2022-03-10,-0.098176
1433,UNH,2022-03-11,-0.04043600000000001
1434,UNH,2022-03-12,-0.17394133333333336
1435,UNH,2022-03-14,-0.05255316666666667
1436,UNH,2022-03-15,-0.09782500000000001
1437,UNH,2022-04-01,-0.041341750000000003
1438,UNH,2022-04-03,0.130394
1439,UNH,2022-04-04,0.008156875000000003
1440,UNH,2022-04-05,-0.0607124
1441,UNH,2022-04-06,-0.0734145
1442,UNH,2022-04-07,-0.05400177777777778
1443,UNH,2022-04-08,0.03874311111111111
1444,UNH,2022-04-09,-0.032796
1445,UNH,2022-05-02,-0.0163335
1446,UNH,2022-05-03,0.042238
1447,UNH,2022-05-04,0.04164216666666667
1448,UNH,2022-05-05,0.00033245454545454485
1449,UNH,2022-05-06,0.0111625
1450,UNH,2022-05-09,0.08698566666666667
1451,UNH,2022-06-01,0.00997611111111111
1452,UNH,2022-06-02,0.084964
1453,UNH,2022-06-03,0.0363586
1454,UNH,2022-06-04,-0.029812
1455,UNH,2022-06-05,-0.143797
1456,UNH,2022-06-06,0.03396622222222222
1457,UNH,2022-06-07,0.078512
1458,UNH,2022-06-08,0.017646833333333334
1459,UNH,2022-06-09,0.12144533333333334
1460,UNH,2022-07-01,-0.042457285714285704
1461,UNH,2022-07-02,0.0442815
1462,UNH,2022-07-04,0.040021499999999995
1463,UNH,2022-07-05,-0.06114877777777778
1464,UNH,2022-07-06,-0.025294272727272728
1465,UNH,2022-07-07,-0.046581
1466,UNH,2022-07-08,0.10139235714285715
1467,UNH,2022-08-01,0.14459663636363637
1468,UNH,2022-08-02,0.2175905
1469,UNH,2022-08-03,0.12945414285714288
1470,UNH,2022-08-04,0.24366083333333333
1471,UNH,2022-08-05,0.1866054
1472,UNH,2022-08-06,0.232022
1473,UNH,2022-08-07,0.257052
1474,UNH,2022-08-08,0.13724933333333333
1475,UNH,2022-08-09,0.04119
1476,UNH,2022-08-10,0.12769219999999998
1477,UNH,2022-08-11,0.28187639999999997
1478,UNH,2022-09-01,0.127759
1479,UNH,2022-09-02,0.18725933333333333
1480,UNH,2022-09-04,0.268779
1481,UNH,2022-09-05,0.30732866666666664
1482,UNH,2022-09-06,0.2265992
1483,UNH,2022-09-07,0.2566792
1484,UNH,2022-09-08,0.19158783333333332
1485,UNH,2022-09-09,0.20191883333333335
1486,UNH,2022-09-12,0.11468
1487,UNH,2022-10-02,0.25897
1488,UNH,2022-10-03,0.11766063636363637
1489,UNH,2022-10-04,0.24950960000000003
1490,UNH,2022-10-05,0.22467625000000002
1491,UNH,2022-10-06,0.10081649999999999
1492,UNH,2022-10-07,0.14625366666666667
1493,UNH,2022-10-08,0.110855
1494,UNH,2022-10-09,0.09629299999999999
1495,UNH,2022-10-10,0.10391033333333333
1496,UNH,2022-11-01,0.11414
1497,UNH,2022-11-02,0.1955182857142857
1498,UNH,2022-11-03,0.2071495
1499,UNH,2022-11-04,0.0813326
1500,UNH,2022-11-05,0.32876960000000005
1501,UNH,2022-11-07,0.20665599999999998
1502,UNH,2022-11-08,0.2375077777777778
1503,UNH,2022-11-09,0.16756933333333332
1504,UNH,2022-11-10,0.2153742
1505,UNH,2022-11-11,0.2597375
1506,UNH,2022-12-01,0.170632
1507,UNH,2022-12-02,0.20808466666666667
1508,UNH,2022-12-03,0.15917800000000001
1509,UNH,2022-12-05,0.19192555555555557
1510,UNH,2022-12-06,0.125276
1511,UNH,2022-12-07,0.18255657142857143
1512,UNH,2022-12-08,0.2337475
1513,UNH,2022-12-09,0.17674800000000002
1514,UNH,2022-12-11,0.2931475
1515,UNH,2022-12-12,0.2155418
1516,UNH,2022-12-13,0.13200575
1517,UNH,2023-01-01,0.236053
1518,UNH,2023-01-02,0.2824235
1519,UNH,2023-01-03,0.079045
1520,UNH,2023-01-04,0.16881637500000002
1521,UNH,2023-01-05,0.05606675
1522,UNH,2023-01-06,0.0815735
1523,UNH,2023-01-08,0.016708999999999998
1524,UNH,2023-01-09,0.11653827272727274
1525,UNH,2023-01-10,0.167022
1526,UNH,2023-02-01,0.22189225
1527,UNH,2023-02-02,0.17852725
1528,UNH,2023-02-03,0.0240235
1529,UNH,2023-02-05,0.305837
1530,UNH,2023-02-07,0.14822039999999997
1531,UNH,2023-02-08,0.2302725
1532,UNH,2023-02-09,0.201061
1533,UNH,2023-02-10,0.219087
1534,UNH,2023-02-11,0.138515
1535,UNH,2023-02-12,0.255952
1536,UNH,2023-02-13,0.14585
1537,UNH,2023-02-14,0.17552720000000002
1538,UNH,2023-02-15,0.2419465
1539,UNH,2023-02-16,0.18868649999999998
1540,UNH,2023-02-18,0.270022
1541,UNH,2023-02-20,0.18303366666666668
1542,UNH,2023-02-21,0.25686950000000003
1543,UNH,2023-02-22,0.289277
1544,UNH,2023-03-01,0.13497683333333335
1545,UNH,2023-03-02,0.33259
1546,UNH,2023-03-03,0.282424
1547,UNH,2023-03-05,0.284835
1548,UNH,2023-03-06,0.22708
1549,UNH,2023-03-07,0.356941
1550,UNH,2023-03-08,0.2953246
1551,UNH,2023-03-09,0.193115
1552,UNH,2023-03-10,0.2475557142857143
1553,UNH,2023-03-11,0.316689
1554,UNH,2023-03-13,0.10557775
1555,UNH,2023-03-14,0.290587
1556,UNH,2023-03-15,0.27049
1557,UNH,2023-03-16,0.15425640000000002
1558,UNH,2023-04-01,0.221455
1559,UNH,2023-04-02,0.259794
1560,UNH,2023-04-03,0.21789599999999998
1561,UNH,2023-04-04,0.14815955555555557
1562,UNH,2023-04-05,0.15834955555555555
1563,UNH,2023-04-06,0.17391399999999999
1564,UNH,2023-04-07,0.06936
1565,UNH,2023-04-08,0.286836
1566,UNH,2023-04-09,0.023826999999999994
1567,UNH,2023-04-10,0.049714
1568,UNH,2023-05-01,0.2036815714285714
1569,UNH,2023-05-02,0.147985
1570,UNH,2023-05-03,0.290406
1571,UNH,2023-05-05,0.15279342857142858
1572,UNH,2023-05-08,0.190474
1573,UNH,2023-05-09,0.10503466666666668
1574,UNH,2023-05-10,-0.01693
1575,UNH,2023-05-11,0.17555225
1576,UNH,2023-05-12,0.137724
1577,UNH,2023-05-15,0.21045
1578,UNH,2023-05-16,0.14168925
1579,UNH,2023-05-17,0.18527833333333332
1580,UNH,2023-05-18,0.2668103333333333
1581,UNH,2023-05-20,0.288144
1582,UNH,2023-05-22,0.33385100000000006
1583,UNH,2023-05-23,0.370596
1584,UNH,2023-06-01,0.41238
1585,UNH,2023-06-05,0.2400554444444444
1586,UNH,2023-06-06,0.3187313333333333
1587,UNH,2023-06-07,0.228192
1588,UNH,2023-06-08,0.19652816666666664
1589,UNH,2023-06-09,0.2251525
1590,UNH,2023-06-12,0.27775700000000003
1591,UNH,2023-06-13,0.2098138
1592,UNH,2023-06-14,-0.0015953571428571445
1593,UNH,2023-07-01,0.10295950000000001
1594,UNH,2023-07-03,0.16238575
1595,UNH,2023-07-04,0.35913766666666663
1596,UNH,2023-07-05,0.286385
1597,UNH,2023-07-06,0.2314993333333333
1598,UNH,2023-07-07,0.16591450000000002
1599,UNH,2023-07-08,0.130746
1600,UNH,2023-07-09,0.24679533333333334
1601,UNH,2023-07-10,0.09160779999999999
1602,UNH,2023-07-11,0.19505925000000002
1603,UNH,2023-07-12,0.2594458
1604,UNH,2023-08-01,0.130007
1605,UNH,2023-08-02,0.14142375000000001
1606,UNH,2023-08-03,0.238733
1607,UNH,2023-08-04,0.278425
1608,UNH,2023-08-05,0.241943
1609,UNH,2023-08-07,0.007110499999999999
1610,UNH,2023-08-08,0.171633
1611,UNH,2023-08-09,0.14032419999999998
1612,UNH,2023-08-10,0.3035693333333333
1613,UNH,2023-08-11,0.06550600000000001
1614,UNH,2023-08-12,0.024097
1615,UNH,2023-08-14,0.2587625
1616,UNH,2023-08-15,0.241729
1617,UNH,2023-08-16,0.19179
1618,UNH,2023-08-17,0.14857966666666667
1619,UNH,2023-08-18,0.16783025000000001
1620,UNH,2023-08-19,0.343532
1621,UNH,2023-08-21,0.2312775
1622,UNH,2023-08-22,0.198479
1623,UNH,2023-09-01,0.471521
1624,UNH,2023-09-05,0.13656316666666665
1625,UNH,2023-09-06,0.490646
1626,UNH,2023-09-08,0.2700434
1627,UNH,2023-09-09,0.26466233333333333
1628,UNH,2023-09-11,0.2599614
1629,UNH,2023-09-13,0.16264133333333333
1630,UNH,2023-09-14,0.23531066666666667
1631,UNH,2023-09-15,-0.06316
1632,UNH,2023-09-16,0.221784
1633,UNH,2023-09-18,0.1982515
1634,UNH,2023-09-19,0.2335915
1635,UNH,2023-09-20,0.20197714285714286
1636,UNH,2023-09-21,0.2505735
1637,UNH,2023-09-22,0.2827025
1638,UNH,2023-10-01,0.329779
1639,UNH,2023-10-02,0.1755718
1640,UNH,2023-10-03,0.25586
1641,UNH,2023-10-04,0.20571333333333333
1642,UNH,2023-10-05,0.17750000000000002
1643,UNH,2023-10-06,0.188819
1644,UNH,2023-10-07,0.166962
1645,UNH,2023-10-08,0.0527995
1646,UNH,2023-10-09,0.11028642857142858
1647,UNH,2023-10-10,0.11046225000000001
1648,UNH,2023-11-01,0.169627
1649,UNH,2023-11-02,0.228242
1650,UNH,2023-11-03,0.25232540000000003
1651,UNH,2023-11-06,0.1332855
1652,UNH,2023-11-07,0.26284799999999997
1653,UNH,2023-11-08,0.24310600000000002
1654,UNH,2023-11-09,0.1725285
1655,UNH,2023-11-13,0.190211
1656,UNH,2023-11-14,0.29188033333333335
1657,UNH,2023-11-15,0.17859399999999997
1658,UNH,2023-11-16,0.218484
1659,UNH,2023-11-17,0.2603085
1660,UNH,2023-11-18,0.446968
1661,UNH,2023-11-20,0.23849014285714285
1662,UNH,2023-11-21,0.2719836666666667
1663,UNH,2023-12-01,0.119793
1664,UNH,2023-12-02,0.263768
1665,UNH,2023-12-04,0.1742296
1666,UNH,2023-12-05,0.17228559999999998
1667,UNH,2023-12-06,0.2351956
1668,UNH,2023-12-07,0.13190466666666667
1669,UNH,2023-12-08,0.25484066666666666
1670,UNH,2023-12-09,0.338399
1671,UNH,2023-12-10,0.2110753333333333
1672,UNH,2023-12-11,0.21363844444444446
1673,UNH,2023-12-12,0.10536324999999999
1674,UNH,2023-12-13,0.2234404
1675,UNH,2023-12-14,-0.024007
1676,UNH,2024-01-01,0.28561966666666666
1677,UNH,2024-01-02,0.2617935
1678,UNH,2024-01-03,0.2166244
1679,UNH,2024-01-04,0.17385
1680,UNH,2024-01-05,0.116357875
1681,UNH,2024-01-06,0.055121
1682,UNH,2024-01-08,0.16560214285714286
1683,UNH,2024-01-09,0.2271376
1684,UNH,2024-01-10,0.14903757142857144
1685,UNH,2024-01-11,0.08760749999999999
1686,UNH,2024-02-01,0.1862935
1687,UNH,2024-02-02,0.342376
1688,UNH,2024-02-04,0.43563
1689,UNH,2024-02-05,0.15029533333333334
1690,UNH,2024-02-06,0.2305554
1691,UNH,2024-02-07,0.178157
1692,UNH,2024-02-08,0.13670566666666664
1693,UNH,2024-02-09,0.23075199999999998
1694,UNH,2024-02-12,0.121715
1695,UNH,2024-02-13,0.19467933333333334
1696,UNH,2024-02-14,0.181633
1697,UNH,2024-02-15,0.16197966666666666
1698,UNH,2024-02-16,0.107764
1699,UNH,2024-02-19,0.269905
1700,UNH,2024-02-20,0.17058679999999998
1701,UNH,2024-02-21,0.1857696666666667
1702,UNH,2024-02-22,-0.029742
1703,UNH,2024-02-23,0.30401
1704,UNH,2024-03-01,0.1478077777777778
1705,UNH,2024-03-04,0.27831483333333334
1706,UNH,2024-03-05,0.198582
1707,UNH,2024-03-06,0.0006810000000000057
1708,UNH,2024-03-07,0.118968
1709,UNH,2024-03-08,0.04083866666666667
1710,UNH,2024-03-09,-0.084582
1711,UNH,2024-03-10,0.22055
1712,UNH,2024-03-11,0.1263918
1713,UNH,2024-03-12,0.09778483333333333
1714,UNH,2024-03-13,0.1319985
1715,WMT,2022-03-01,-0.056675
1716,WMT,2022-03-02,-0.190154
1717,WMT,2022-03-03,-0.0187845
1718,WMT,2022-03-04,0.0612148
1719,WMT,2022-03-05,-0.15461699999999998
1720,WMT,2022-03-06,-0.17646933333333334
1721,WMT,2022-03-07,0.0619565
1722,WMT,2022-03-08,0.19966993333333333
1723,WMT,2022-04-01,-0.02865932
1724,WMT,2022-04-02,-0.027953399999999996
1725,WMT,2022-04-03,0.135852
1726,WMT,2022-04-04,0.031486352941176465
1727,WMT,2022-05-01,0.08499466666666666
1728,WMT,2022-05-02,0.024535058823529413
1729,WMT,2022-05-03,-0.02095270588235295
1730,WMT,2022-05-04,-0.0405236923076923
1731,WMT,2022-06-01,-3.549999999999892e-05
1732,WMT,2022-06-02,-0.037295892857142854
1733,WMT,2022-07-01,-0.10605527272727273
1734,WMT,2022-07-02,-0.1044238
1735,WMT,2022-07-03,0.080484
1736,WMT,2022-07-04,-0.1010086
1737,WMT,2022-07-05,-0.08905238461538462
1738,WMT,2022-07-06,0.056128
1739,WMT,2022-08-01,0.1222101
1740,WMT,2022-08-02,0.1729729
1741,WMT,2022-09-01,0.13686613333333333
1742,WMT,2022-09-02,0.15864116666666667
1743,WMT,2022-09-03,0.2010565
1744,WMT,2022-10-01,0.17441757142857142
1745,WMT,2022-10-02,0.038851000000000004
1746,WMT,2022-10-03,0.22335038095238094
1747,WMT,2022-10-04,0.1357645294117647
1748,WMT,2022-11-01,0.19732210714285717
1749,WMT,2022-11-02,0.15920077272727273
1750,WMT,2022-12-01,0.17355953125
1751,WMT,2022-12-02,0.16819994444444444
1752,WMT,2023-01-01,0.117754
1753,WMT,2023-01-02,0.1284
1754,WMT,2023-01-03,0.1813302
1755,WMT,2023-01-04,0.14776042105263157
1756,WMT,2023-01-05,0.10321609090909091
1757,WMT,2023-02-01,0.177099
1758,WMT,2023-02-02,0.19859526666666666
1759,WMT,2023-02-03,0.09673466666666666
1760,WMT,2023-02-04,0.17857233333333333
1761,WMT,2023-03-01,0.15580233333333332
1762,WMT,2023-03-02,0.15869595652173912
1763,WMT,2023-04-01,0.202479
1764,WMT,2023-04-02,0.10903959999999999
1765,WMT,2023-04-03,0.16501264705882354
1766,WMT,2023-04-04,0.1685212083333333
1767,WMT,2023-05-01,0.2671001875
1768,WMT,2023-05-02,0.164002375
1769,WMT,2023-05-03,0.14350179999999998
1770,WMT,2023-06-01,0.0650545294117647
1771,WMT,2023-06-02,0.097530625
1772,WMT,2023-06-03,0.028601
1773,WMT,2023-07-01,0.19110675
1774,WMT,2023-07-02,0.13488157142857143
1775,WMT,2023-07-03,0.17010914285714285
1776,WMT,2023-07-04,0.2603972222222222
1777,WMT,2023-07-05,0.10488600000000001
1778,WMT,2023-08-01,0.18480646153846153
1779,WMT,2023-08-02,0.16670226086956522
1780,WMT,2023-08-03,0.281044
1781,WMT,2023-09-01,0.1758005
1782,WMT,2023-09-02,0.1710875
1783,WMT,2023-09-03,0.050576625
1784,WMT,2023-09-04,0.18106640000000002
1785,WMT,2023-09-05,0.20996133333333333
1786,WMT,2023-10-01,0.17208114285714288
1787,WMT,2023-10-02,0.188832
1788,WMT,2023-10-03,0.2159916470588235
1789,WMT,2023-10-04,0.31002835714285715
1790,WMT,2023-11-01,0.20227235714285713
1791,WMT,2023-11-02,0.21270313636363636
1792,WMT,2023-12-01,0.11932158064516128
1793,WMT,2023-12-02,0.02312922222222222
1794,WMT,2023-12-03,0.26367466666666667
1795,WMT,2023-12-04,0.210903
1796,WMT,2024-01-01,0.1636974
1797,WMT,2024-01-02,0.16837349999999998
1798,WMT,2024-01-03,0.2530964
1799,WMT,2024-01-04,0.21810405555555556
1800,WMT,2024-02-01,0.1916435
1801,WMT,2024-02-02,0.1726751
1802,WMT,2024-03-01,0.18270335714285715
1803,WMT,2024-03-02,0.152458125
1804,WMT,2024-03-03,0.192652
1805,WMT,2024-03-04,0.266543
1806,WMT,2024-03-05,0.1218495
1807,XOM,2022-03-01,-0.249494
1808,XOM,2022-03-02,-0.27328014285714286
1809,XOM,2022-03-03,-0.2729885
1810,XOM,2022-03-04,0.06276266666666667
1811,XOM,2022-03-05,-0.304198
1812,XOM,2022-03-06,-0.365286
1813,XOM,2022-03-07,-0.15547056
1814,XOM,2022-03-08,-0.111914
1815,XOM,2022-04-01,0.029126181818181815
1816,XOM,2022-04-02,-0.09691
1817,XOM,2022-04-04,-0.08755656249999999
1818,XOM,2022-04-05,-0.05577533333333333
1819,XOM,2022-04-06,-0.11613833333333333
1820,XOM,2022-05-01,0.1768395
1821,XOM,2022-05-02,-0.11096900000000001
1822,XOM,2022-05-03,-0.055221
1823,XOM,2022-05-04,-0.06898508333333332
1824,XOM,2022-05-05,-0.058100874999999996
1825,XOM,2022-06-01,-0.10829492307692307
1826,XOM,2022-06-02,0.0393454
1827,XOM,2022-06-03,-0.116946625
1828,XOM,2022-06-04,-0.062092400000000006
1829,XOM,2022-06-05,-0.2877446666666667
1830,XOM,2022-06-06,-0.013431333333333332
1831,XOM,2022-06-07,0.0009829999999999978
1832,XOM,2022-07-01,-0.024719937499999997
1833,XOM,2022-07-02,-0.028603
1834,XOM,2022-07-03,-0.018095
1835,XOM,2022-07-04,0.016170499999999997
1836,XOM,2022-07-05,-0.10937481818181817
1837,XOM,2022-08-01,0.1824171111111111
1838,XOM,2022-08-02,0.18984411764705883
1839,XOM,2022-08-03,0.13199073333333333
1840,XOM,2022-09-01,0.2001511818181818
1841,XOM,2022-09-02,0.1987515
1842,XOM,2022-09-04,0.224666
1843,XOM,2022-09-05,0.1703835
1844,XOM,2022-09-06,0.24057275
1845,XOM,2022-09-07,0.20499714285714285
1846,XOM,2022-09-08,0.17960116666666667
1847,XOM,2022-10-01,0.090551
1848,XOM,2022-10-02,0.03239
1849,XOM,2022-10-03,0.042472249999999996
1850,XOM,2022-10-04,0.028073199999999996
1851,XOM,2022-10-05,0.18985124999999997
1852,XOM,2022-11-01,0.11479607407407408
1853,XOM,2022-11-02,0.11246757142857143
1854,XOM,2022-11-03,0.11737866666666667
1855,XOM,2022-11-04,0.1809695
1856,XOM,2022-12-01,0.232206
1857,XOM,2022-12-02,0.17138025
1858,XOM,2022-12-03,0.09761779999999999
1859,XOM,2022-12-04,0.14267433333333335
1860,XOM,2022-12-05,0.0792841
1861,XOM,2022-12-06,0.012898461538461543
1862,XOM,2022-12-07,0.13152128571428573
1863,XOM,2023-01-02,0.13551225
1864,XOM,2023-01-03,0.15746688888888888
1865,XOM,2023-01-04,0.16512857142857143
1866,XOM,2023-01-05,0.16692623076923077
1867,XOM,2023-01-06,0.1003962857142857
1868,XOM,2023-01-07,0.140567
1869,XOM,2023-01-09,0.037750000000000006
1870,XOM,2023-02-01,0.11599082352941176
1871,XOM,2023-02-02,0.14045992307692307
1872,XOM,2023-02-03,0.0914364
1873,XOM,2023-02-04,0.24048433333333333
1874,XOM,2023-02-05,0.221772
1875,XOM,2023-02-06,0.183391
1876,XOM,2023-03-01,0.10337609090909092
1877,XOM,2023-03-02,0.19617099999999998
1878,XOM,2023-03-03,0.145181375
1879,XOM,2023-03-04,0.138169
1880,XOM,2023-03-05,0.10554725
1881,XOM,2023-03-06,0.08196736363636363
1882,XOM,2023-03-07,0.16356966666666667
1883,XOM,2023-04-01,-0.02382
1884,XOM,2023-04-02,0.1329635
1885,XOM,2023-04-03,0.06584116
1886,XOM,2023-04-04,0.08718166666666666
1887,XOM,2023-04-05,0.08110375
1888,XOM,2023-05-01,0.11404580952380952
1889,XOM,2023-05-02,0.12707138888888891
1890,XOM,2023-05-03,-0.01871716666666667
1891,XOM,2023-05-04,0.1402886
1892,XOM,2023-06-01,0.12964133333333333
1893,XOM,2023-06-02,0.18289164285714285
1894,XOM,2023-06-03,0.260629
1895,XOM,2023-06-04,-0.106464
1896,XOM,2023-06-05,0.13281858333333332
1897,XOM,2023-06-06,0.19072884615384614
1898,XOM,2023-07-01,0.1259785
1899,XOM,2023-07-02,-0.073919
1900,XOM,2023-07-03,0.2075055
1901,XOM,2023-07-04,0.27829899999999996
1902,XOM,2023-07-05,0.12361824999999999
1903,XOM,2023-07-06,0.14228223076923077
1904,XOM,2023-07-07,0.2224457777777778
1905,XOM,2023-07-10,0.21588999999999997
1906,XOM,2023-08-01,0.10490786666666668
1907,XOM,2023-08-02,0.2387168
1908,XOM,2023-08-03,0.17964045454545455
1909,XOM,2023-08-04,0.12527372727272726
1910,XOM,2023-08-05,-0.01207
1911,XOM,2023-08-06,0.10953800000000001
1912,XOM,2023-08-07,0.012356750000000001
1913,XOM,2023-09-01,0.22951349999999998
1914,XOM,2023-09-03,0.16281366666666666
1915,XOM,2023-09-04,0.25508474999999997
1916,XOM,2023-09-05,0.2136692222222222
1917,XOM,2023-09-06,0.1163648
1918,XOM,2023-09-07,0.226378
1919,XOM,2023-09-08,0.1337714
1920,XOM,2023-09-10,0.112246
1921,XOM,2023-09-11,0.18063366666666666
1922,XOM,2023-09-12,0.21623099999999998
1923,XOM,2023-10-01,0.077249
1924,XOM,2023-10-02,0.18448525
1925,XOM,2023-10-03,0.27421225
1926,XOM,2023-10-04,0.12991253846153847
1927,XOM,2023-10-05,0.08213726666666667
1928,XOM,2023-10-06,0.1723275
1929,XOM,2023-11-01,0.1431327857142857
1930,XOM,2023-11-02,0.17953446153846153
1931,XOM,2023-11-03,0.104064375
1932,XOM,2023-11-04,0.273826
1933,XOM,2023-11-05,0.23543533333333333
1934,XOM,2023-11-06,0.11761357142857143
1935,XOM,2023-11-07,0.16237475
1936,XOM,2023-12-01,0.1283541818181818
1937,XOM,2023-12-02,0.08374914285714286
1938,XOM,2023-12-03,0.09363383333333332
1939,XOM,2023-12-04,0.04606211111111111
1940,XOM,2023-12-05,0.19485791666666666
1941,XOM,2023-12-06,0.12234640000000001
1942,XOM,2024-01-02,0.23250371428571429
1943,XOM,2024-01-03,0.1627999
1944,XOM,2024-01-04,0.15410542857142856
1945,XOM,2024-01-05,0.176953
1946,XOM,2024-01-06,0.165394
1947,XOM,2024-01-08,0.0877714
1948,XOM,2024-01-09,0.21190922222222222
1949,XOM,2024-01-10,0.22799266666666665
1950,XOM,2024-02-01,0.12412607142857143
1951,XOM,2024-02-02,0.13391138095238095
1952,XOM,2024-02-03,0.13702133333333333
1953,XOM,2024-02-04,0.24945875
1954,XOM,2024-02-05,0.24843757142857142
1955,XOM,2024-02-06,0.167361
1956,XOM,2024-03-01,0.17173775
1957,XOM,2024-03-02,0.11724033333333334
1958,XOM,2024-03-04,0.19992725
1959,XOM,2024-03-05,0.18440083333333335
1960,XOM,2024-03-06,0.21723475
1961,XOM,2024-03-07,0.18353875
1962,XOM,2024-03-08,0.18835066666666667
1963,XOM,2024-03-09,0.234499
1964,XOM,2024-03-10,0.29068
1965,XOM,2024-03-11,0.26782014285714284
