,time,scores
0,20220301T212653,-0.056675
1,20220302T080000,-0.137569
2,20220302T222604,-0.242739
3,20220303T172008,0.128489
4,20220303T213922,-0.080803
5,20220303T220522,-0.18681
6,20220303T223541,0.063986
7,20220304T020044,0.238714
8,20220304T053036,0.267032
9,20220304T151541,-0.048999
10,20220304T153000,0.186759
11,20220304T153000,-0.001982
12,20220304T154410,-0.28593
13,20220304T160140,0.010127
14,20220304T164500,0.123478
15,20220304T172200,0.125201
16,20220304T180301,-0.002252
17,20220305T000000,-0.039473
18,20220305T005700,-0.320941
19,20220305T204400,-0.103437
20,20220306T000000,-0.365286
21,20220306T130000,-0.196634
22,20220306T221200,0.032512
23,20220307T110000,0.135749
24,20220307T141129,-0.125715
25,20220307T141900,0.276024
26,20220307T142427,-0.201534
27,20220307T142738,0.048049
28,20220307T144424,0.008723
29,20220307T153526,0.004475
30,20220307T164012,0.240905
31,20220307T170600,-0.013167
32,20220307T183500,0.203849
33,20220307T191041,-0.062198
34,20220307T201318,0.228318
35,20220308T110043,0.313391
36,20220308T110047,0.107007
37,20220308T110055,0.311266
38,20220308T133600,0.107709
39,20220308T140600,0.30286
40,20220308T140600,0.304245
41,20220308T140600,0.310157
42,20220308T141500,0.177905
43,20220308T143005,0.14829
44,20220308T150325,-0.062556
45,20220308T151359,0.422918
46,20220308T151500,0.28281
47,20220308T151600,0.28108
48,20220308T162043,-0.051568
49,20220308T170645,0.039535
50,20220401T063550,0.009424
51,20220401T083652,0.06065
52,20220401T095500,-0.167397
53,20220401T102643,0.055402
54,20220401T104500,-0.037867
55,20220401T112013,0.019597
56,20220401T123000,0.002161
57,20220401T125843,-0.197869
58,20220401T130008,-0.206173
59,20220401T130300,0.037145
60,20220401T132543,-0.226568
61,20220401T133003,0.134182
62,20220401T142100,-0.04798
63,20220401T142200,0.155585
64,20220401T142800,-0.222005
65,20220401T143000,-0.247592
66,20220401T150000,0.134169
67,20220401T155300,-0.13173
68,20220401T161109,0.046286
69,20220401T164500,0.000258
70,20220401T164506,0.119663
71,20220401T185600,0.045133
72,20220401T191400,-0.019023
73,20220401T191400,-0.022033
74,20220401T191400,-0.009901
75,20220402T090019,-0.210437
76,20220402T103000,-0.282001
77,20220402T114000,0.089955
78,20220402T121100,0.26394
79,20220402T225800,-0.001224
80,20220403T110300,0.150821
81,20220403T141200,0.205422
82,20220403T214500,0.051313
83,20220404T090000,0.049666
84,20220404T102336,-0.027559
85,20220404T120516,0.009424
86,20220404T123200,0.350268
87,20220404T124600,-0.007596
88,20220404T131200,0.168112
89,20220404T141905,0.187493
90,20220404T142600,0.159318
91,20220404T155759,0.042036
92,20220404T164102,0.001008
93,20220404T164600,-0.091815
94,20220404T173451,-0.02893
95,20220404T175006,0.186713
96,20220404T175244,-0.226094
97,20220404T180819,0.019645
98,20220404T182052,-0.092172
99,20220404T183932,-0.164249
100,20220501T121800,0.171297
101,20220501T131900,0.137275
102,20220501T134700,-0.053588
103,20220502T012645,0.060246
104,20220502T070000,0.015774
105,20220502T111500,0.343694
106,20220502T111500,0.003305
107,20220502T112046,-0.06307
108,20220502T114000,0.022094
109,20220502T121842,0.17108
110,20220502T132136,-0.052607
111,20220502T140000,0.199684
112,20220502T160000,0.069402
113,20220502T183900,0.091043
114,20220502T183900,0.148011
115,20220502T184351,-0.005446
116,20220502T205500,-0.084555
117,20220502T210028,-0.484027
118,20220502T211149,-0.018339
119,20220502T214512,0.000807
120,20220503T040100,0.141647
121,20220503T084900,-0.858509
122,20220503T093017,-0.141209
123,20220503T103000,0.34458
124,20220503T110100,0.037431
125,20220503T120000,0.108397
126,20220503T123000,0.000569
127,20220503T130000,0.174863
128,20220503T142300,0.211198
129,20220503T143000,0.210494
130,20220503T162100,0.018904
131,20220503T165400,0.013294
132,20220503T171800,0.029821
133,20220503T190800,-0.055741
134,20220503T194355,-0.255659
135,20220503T210100,-0.131865
136,20220503T212835,-0.204411
137,20220504T082131,0.029202
138,20220504T083600,0.060752
139,20220504T090021,-0.227816
140,20220504T100145,0.18101
141,20220504T113500,-0.298798
142,20220504T124500,-0.095175
143,20220504T124800,-0.286361
144,20220504T132128,-0.024525
145,20220504T132400,-0.027301
146,20220504T151500,-0.004684
147,20220504T162200,-0.014294
148,20220504T183732,-0.090594
149,20220504T200057,0.271776
150,20220601T014700,-0.28003
151,20220601T103800,-0.213405
152,20220601T110600,-0.01103
153,20220601T113000,0.042378
154,20220601T114500,0.138344
155,20220601T114814,-0.178187
156,20220601T115000,-0.077167
157,20220601T115000,-0.077201
158,20220601T115500,0.03731
159,20220601T130731,0.206629
160,20220601T143000,-0.037409
161,20220601T143000,0.00846
162,20220601T150001,0.028926
163,20220601T160000,0.161872
164,20220601T160000,0.161872
165,20220601T160658,0.030412
166,20220601T162100,0.382206
167,20220601T163100,-0.298548
168,20220601T163200,-0.014537
169,20220601T170537,-0.382839
170,20220601T214500,0.022384
171,20220601T215400,0.348779
172,20220602T000600,-0.136959
173,20220602T023800,-0.148568
174,20220602T030215,0.058958
175,20220602T041800,0.107473
176,20220602T042545,-0.195552
177,20220602T044800,-0.187893
178,20220602T050000,0.21969
179,20220602T073716,-0.069032
180,20220602T100100,-0.033177
181,20220602T101300,-0.27647
182,20220602T102123,-0.149387
183,20220602T102418,-0.527984
184,20220602T102500,-0.15789
185,20220602T104900,0.365722
186,20220602T110101,0.044362
187,20220602T111500,0.252015
188,20220602T112339,0.075397
189,20220602T120000,-0.030593
190,20220602T141000,0.304817
191,20220602T144538,-0.216
192,20220602T145230,-0.123896
193,20220602T150000,0.023269
194,20220602T150000,0.02169
195,20220602T150700,0.046951
196,20220602T154620,0.085608
197,20220602T160042,-0.007048
198,20220602T163731,-0.237178
199,20220602T164300,-0.15261
200,20220701T015134,-0.718424
201,20220701T070200,0.183116
202,20220701T070200,0.172498
203,20220701T070200,0.203899
204,20220701T101100,-0.231911
205,20220701T105100,0.32493
206,20220701T111500,-0.264803
207,20220701T112500,-0.339583
208,20220701T120255,-0.201581
209,20220701T124231,-0.021278
210,20220701T132300,0.073823
211,20220701T135400,-0.186158
212,20220701T135555,-0.562126
213,20220701T140100,-0.096402
214,20220701T151449,-0.169633
215,20220701T155431,-0.458965
216,20220701T184000,0.236504
217,20220701T184500,0.003098
218,20220701T190041,0.057693
219,20220701T193228,-0.037476
220,20220701T194500,-0.119257
221,20220701T211400,-0.18118
222,20220702T090017,-0.230956
223,20220702T103300,0.08764
224,20220702T110500,-0.381671
225,20220702T112200,0.019487
226,20220702T153700,-0.016619
227,20220703T120000,0.053943
228,20220703T181000,0.279902
229,20220703T195809,-0.092393
230,20220704T093300,-0.154347
231,20220704T100916,0.036498
232,20220704T123800,-0.319927
233,20220704T172949,0.060226
234,20220704T195320,-0.127493
235,20220705T010000,-0.339317
236,20220705T050000,0.179235
237,20220705T120621,-0.345826
238,20220705T134700,0.076002
239,20220705T150002,0.023957
240,20220705T150700,0.06297
241,20220705T180111,-0.150741
242,20220705T180653,0.105469
243,20220705T184118,-0.017678
244,20220705T192332,-0.273255
245,20220705T201825,-0.345937
246,20220705T215300,-0.045331
247,20220705T230100,-0.087229
248,20220706T000134,0.073081
249,20220706T013500,0.039175
250,20220801T010000,0.133815
251,20220801T050600,0.034087
252,20220801T100035,0.205768
253,20220801T102000,-0.043489
254,20220801T113027,0.118612
255,20220801T120000,-0.023993
256,20220801T120000,0.300793
257,20220801T120036,0.074509
258,20220801T121400,0.170269
259,20220801T130000,0.144749
260,20220801T132352,-0.016997
261,20220801T140000,-0.066669
262,20220801T140500,0.366765
263,20220801T141500,0.296789
264,20220801T141625,0.153053
265,20220801T151722,0.260148
266,20220801T153000,0.095633
267,20220801T154704,0.064889
268,20220801T163625,0.401731
269,20220801T164908,0.150565
270,20220801T170600,0.047649
271,20220801T171314,0.117047
272,20220801T174654,0.136917
273,20220801T175206,-0.073063
274,20220801T182300,-0.069625
275,20220801T194111,0.160792
276,20220801T195430,0.309863
277,20220801T202400,-0.00485
278,20220801T214518,0.179442
279,20220801T223800,0.041104
280,20220802T010041,0.270586
281,20220802T040017,0.352214
282,20220802T043444,0.341354
283,20220802T053000,0.146294
284,20220802T060538,-0.184459
285,20220802T100500,-0.080152
286,20220802T112045,0.232153
287,20220802T115700,0.273513
288,20220802T120100,0.335335
289,20220802T122310,0.354549
290,20220802T123000,0.185107
291,20220802T133000,0.121921
292,20220802T133500,0.388188
293,20220802T140908,-0.021511
294,20220802T144500,0.13442
295,20220802T150237,0.13386
296,20220802T153000,0.165964
297,20220802T160859,-0.091989
298,20220802T170040,0.311625
299,20220802T180800,0.090486
300,20220901T040025,-0.00714
301,20220901T053000,0.428011
302,20220901T070700,0.196171
303,20220901T090000,0.141027
304,20220901T090500,0.168763
305,20220901T110000,0.074767
306,20220901T110500,0.27992
307,20220901T111000,0.00489
308,20220901T115800,0.197739
309,20220901T123000,0.130588
310,20220901T123100,0.373544
311,20220901T123100,0.392454
312,20220901T123832,0.187405
313,20220901T125826,0.016952
314,20220901T125924,0.057279
315,20220901T134400,0.034
316,20220901T134702,0.115572
317,20220901T140955,0.235829
318,20220901T141712,0.20771
319,20220901T142153,0.111169
320,20220901T143700,0.289109
321,20220901T151300,0.191287
322,20220901T152300,0.062604
323,20220901T155832,0.016758
324,20220901T161006,0.131733
325,20220901T165241,0.190884
326,20220901T165831,-0.118832
327,20220901T183000,0.202898
328,20220901T192540,-0.162842
329,20220901T193619,-0.044265
330,20220902T002230,0.306416
331,20220902T060544,0.383614
332,20220902T061431,0.029457
333,20220902T100000,0.220676
334,20220902T104000,-0.112137
335,20220902T114100,0.214313
336,20220902T123249,-0.056317
337,20220902T130011,0.237255
338,20220902T131342,-0.156004
339,20220902T140900,0.151184
340,20220902T141448,0.202596
341,20220902T142655,0.022304
342,20220902T152947,-0.036682
343,20220902T154008,0.51491
344,20220902T154837,0.213872
345,20220902T160808,0.20354
346,20220902T184619,0.088533
347,20220902T213641,0.428011
348,20220903T003200,0.465517
349,20220903T101500,-0.063404
350,20221001T001500,0.343534
351,20221001T100000,0.044109
352,20221001T140000,0.017165
353,20221001T140000,0.578365
354,20221001T144700,0.054931
355,20221001T151200,0.033488
356,20221001T185400,0.149331
357,20221002T090000,0.120403
358,20221002T112100,0.075436
359,20221002T120001,0.16303
360,20221002T130000,-0.118339
361,20221002T211442,-0.046275
362,20221003T010040,0.081524
363,20221003T085500,0.215527
364,20221003T095000,0.074584
365,20221003T112845,-0.029233
366,20221003T113800,0.074477
367,20221003T120000,0.556483
368,20221003T120000,0.143465
369,20221003T123000,0.357975
370,20221003T125100,0.449606
371,20221003T134500,0.055608
372,20221003T134526,0.158727
373,20221003T140000,0.332049
374,20221003T141207,0.065714
375,20221003T163102,0.073161
376,20221003T170000,0.333176
377,20221003T173100,0.52759
378,20221003T182447,-0.088311
379,20221003T200000,0.531542
380,20221003T200000,0.409069
381,20221003T200300,0.189309
382,20221003T235000,0.178316
383,20221004T051500,-0.296685
384,20221004T100000,0.480829
385,20221004T105100,0.156932
386,20221004T110000,0.157872
387,20221004T110000,0.165396
388,20221004T112024,0.149219
389,20221004T113100,0.02171
390,20221004T115000,0.274165
391,20221004T140000,0.486249
392,20221004T142000,0.324449
393,20221004T143649,0.160819
394,20221004T155600,0.029528
395,20221004T161755,-0.283608
396,20221004T170000,-0.10971
397,20221004T174526,0.157788
398,20221004T174750,0.216522
399,20221004T174750,0.216522
400,20221101T030004,-0.016847
401,20221101T073637,0.421127
402,20221101T080100,-0.002432
403,20221101T081101,0.286335
404,20221101T083321,0.388764
405,20221101T083453,-0.125658
406,20221101T084900,0.370546
407,20221101T122800,0.375315
408,20221101T124704,0.009561
409,20221101T124931,0.375743
410,20221101T132930,0.349177
411,20221101T135600,0.378485
412,20221101T135723,-0.216463
413,20221101T140000,-0.054542
414,20221101T140000,0.246594
415,20221101T140002,0.376724
416,20221101T140100,0.451615
417,20221101T150100,0.372228
418,20221101T151600,0.047027
419,20221101T153307,0.434935
420,20221101T160000,0.231998
421,20221101T174900,0.151516
422,20221101T191137,0.25536
423,20221101T200200,-0.014518
424,20221101T200400,0.18293
425,20221101T203144,0.106861
426,20221101T203358,0.06406
427,20221101T225032,0.078578
428,20221102T011000,-0.08975
429,20221102T011900,-0.111492
430,20221102T013958,-0.033418
431,20221102T024013,-0.050292
432,20221102T031813,-0.207559
433,20221102T040100,0.456799
434,20221102T050756,0.089839
435,20221102T052341,0.392627
436,20221102T063604,0.215088
437,20221102T092622,0.392798
438,20221102T100225,0.233159
439,20221102T103332,0.175821
440,20221102T104800,0.293723
441,20221102T105443,0.231788
442,20221102T105900,0.137245
443,20221102T110000,0.394352
444,20221102T113532,0.404674
445,20221102T114721,0.202772
446,20221102T115358,-0.21149
447,20221102T123000,0.288979
448,20221102T123500,0.156429
449,20221102T124649,0.140325
450,20221201T002436,0.141125
451,20221201T083000,0.134613
452,20221201T103000,0.157877
453,20221201T114000,0.205571
454,20221201T123402,0.19739
455,20221201T124600,0.073989
456,20221201T125000,0.171507
457,20221201T130000,0.233593
458,20221201T131019,0.251763
459,20221201T132000,0.186469
460,20221201T132400,0.245716
461,20221201T132600,-0.048482
462,20221201T133000,0.05551
463,20221201T140000,0.180755
464,20221201T140100,0.407173
465,20221201T140800,0.157455
466,20221201T143000,0.11964
467,20221201T143500,0.245924
468,20221201T144522,0.352346
469,20221201T152046,-0.082375
470,20221201T152230,0.250837
471,20221201T163216,0.368733
472,20221201T171100,-0.099735
473,20221201T172947,0.004835
474,20221201T174600,0.091536
475,20221201T174828,0.26493
476,20221201T181500,0.080592
477,20221201T183031,0.261466
478,20221201T210800,0.219048
479,20221201T213000,0.252618
480,20221201T213000,0.259596
481,20221201T225400,0.21189
482,20221202T025700,0.032858
483,20221202T090812,-0.024071
484,20221202T092527,0.014139
485,20221202T114500,0.12138
486,20221202T120000,0.269092
487,20221202T120700,0.318389
488,20221202T120700,0.32676
489,20221202T131100,0.156267
490,20221202T131300,0.25711
491,20221202T132300,0.359374
492,20221202T135400,0.0
493,20221202T135800,0.312907
494,20221202T140800,0.269894
495,20221202T144658,0.048529
496,20221202T161156,0.118244
497,20221202T165946,0.097088
498,20221202T171138,0.093464
499,20221202T175323,0.256175
500,20230101T130000,0.22792
501,20230101T140001,0.071483
502,20230101T181100,0.05051
503,20230101T230843,0.121103
504,20230102T093540,0.271416
505,20230102T114500,-0.121827
506,20230102T130001,0.127363
507,20230102T194526,0.166571
508,20230102T210000,0.322089
509,20230102T222452,0.004788
510,20230103T071709,-0.136289
511,20230103T111500,0.203257
512,20230103T113000,0.297382
513,20230103T124200,0.154003
514,20230103T140000,0.256042
515,20230103T141224,0.239055
516,20230103T151052,0.021548
517,20230103T182900,0.254407
518,20230103T192600,0.326409
519,20230103T210000,0.197488
520,20230104T021100,0.19104
521,20230104T100300,0.297944
522,20230104T101700,0.219091
523,20230104T104400,0.27943
524,20230104T120300,0.168425
525,20230104T120500,0.081555
526,20230104T122051,0.043455
527,20230104T123100,0.117583
528,20230104T131600,0.033954
529,20230104T131910,0.107848
530,20230104T133123,0.045215
531,20230104T135800,0.569912
532,20230104T140739,0.255317
533,20230104T160400,0.1463
534,20230104T173254,-0.206718
535,20230104T182300,0.269756
536,20230104T184557,0.186976
537,20230104T224524,0.126649
538,20230104T235858,-0.126284
539,20230105T002142,0.002404
540,20230105T021034,0.102774
541,20230105T034114,-0.043592
542,20230105T083756,0.009465
543,20230105T104200,0.050419
544,20230105T111400,0.120204
545,20230105T115447,0.174447
546,20230105T120000,0.135054
547,20230105T122030,0.232887
548,20230105T123034,0.180329
549,20230105T123800,0.170986
550,20230201T012600,0.082145
551,20230201T020456,0.276086
552,20230201T100000,0.194204
553,20230201T113000,0.145241
554,20230201T122000,0.071597
555,20230201T132500,0.212183
556,20230201T142230,0.451038
557,20230201T144100,0.144136
558,20230201T151500,0.109272
559,20230201T164518,0.265629
560,20230201T180700,0.172016
561,20230201T182400,0.175315
562,20230201T184000,-0.049305
563,20230201T184000,-0.051535
564,20230201T200104,0.065272
565,20230201T212452,0.335089
566,20230201T213000,0.4123
567,20230202T062900,0.298959
568,20230202T113500,0.164511
569,20230202T114500,-0.077935
570,20230202T120001,0.144263
571,20230202T123001,0.03827
572,20230202T140000,0.306266
573,20230202T161500,0.259178
574,20230202T165803,0.471903
575,20230202T170233,0.223393
576,20230202T192353,0.529863
577,20230202T194500,0.09046
578,20230202T194500,0.038065
579,20230202T211500,0.211073
580,20230202T215158,0.367235
581,20230202T233937,-0.086575
582,20230203T000236,-0.242424
583,20230203T003100,0.206289
584,20230203T015600,0.187675
585,20230203T020900,-0.047553
586,20230203T115734,0.02202
587,20230203T120300,0.177182
588,20230203T143300,0.418374
589,20230203T152957,0.011871
590,20230203T161400,-0.24059
591,20230203T174556,0.004766
592,20230203T180248,0.396821
593,20230203T192331,0.289518
594,20230203T204100,0.236323
595,20230203T205600,0.049864
596,20230203T222515,-0.019116
597,20230204T121000,0.340497
598,20230204T174523,0.392845
599,20230204T190724,-0.197625
600,20230301T023029,0.244936
601,20230301T115000,0.045651
602,20230301T124500,0.247079
603,20230301T125602,0.164398
604,20230301T130200,0.144095
605,20230301T131500,0.101744
606,20230301T133500,-0.133293
607,20230301T140000,0.253165
608,20230301T140011,0.208415
609,20230301T141911,0.009788
610,20230301T144500,0.212777
611,20230301T152542,-0.050993
612,20230301T153445,0.02411
613,20230301T154411,0.18385
614,20230301T155632,0.30089
615,20230301T164100,0.170498
616,20230301T171754,0.157963
617,20230301T172652,0.086861
618,20230301T180000,0.204186
619,20230301T191548,0.13353
620,20230301T192748,-0.07098
621,20230301T193929,0.422155
622,20230301T203030,0.276047
623,20230301T212450,-0.041518
624,20230301T225500,0.139479
625,20230301T225700,0.139479
626,20230301T233500,0.632351
627,20230302T013023,0.313013
628,20230302T021837,0.298601
629,20230302T023024,0.305778
630,20230302T033032,0.321507
631,20230302T060021,0.247155
632,20230302T083100,0.139641
633,20230302T100000,0.050592
634,20230302T100340,-0.107283
635,20230302T100400,0.122062
636,20230302T111700,0.249467
637,20230302T114300,0.0748
638,20230302T114324,0.024166
639,20230302T121400,-0.136157
640,20230302T121400,-0.136157
641,20230302T122800,-0.03899
642,20230302T130000,0.380018
643,20230302T132200,-0.066745
644,20230302T133200,0.316419
645,20230302T134300,0.249391
646,20230302T135000,0.322038
647,20230302T143000,0.141743
648,20230302T143300,0.361348
649,20230302T145300,0.2176
650,20230401T111500,0.149831
651,20230401T113500,0.221859
652,20230401T120000,0.160721
653,20230401T131303,0.277505
654,20230402T053106,0.319974
655,20230402T111500,0.035398
656,20230402T132338,0.074211
657,20230402T151020,0.065361
658,20230402T193500,0.050254
659,20230403T091000,0.307223
660,20230403T102723,0.180384
661,20230403T111900,0.031217
662,20230403T111900,0.031217
663,20230403T113000,0.150953
664,20230403T120000,0.326934
665,20230403T120001,0.149751
666,20230403T130000,0.356832
667,20230403T130000,0.231707
668,20230403T130100,0.411448
669,20230403T151921,0.161329
670,20230403T160800,0.021947
671,20230403T162000,0.129038
672,20230403T163629,0.056928
673,20230403T164921,0.096933
674,20230403T200749,0.056924
675,20230403T212105,0.10445
676,20230404T000033,0.099845
677,20230404T021100,0.090791
678,20230404T023000,0.513962
679,20230404T060100,-0.073737
680,20230404T091134,-0.13584
681,20230404T092949,0.13505
682,20230404T094900,0.160494
683,20230404T095336,0.194797
684,20230404T103700,0.350702
685,20230404T110000,0.361147
686,20230404T110000,0.382143
687,20230404T113001,0.22137
688,20230404T113300,0.282626
689,20230404T120048,0.379595
690,20230404T121507,0.193602
691,20230404T125300,0.129038
692,20230404T130348,0.051008
693,20230404T134500,0.130636
694,20230404T135214,-0.031334
695,20230404T141500,0.205477
696,20230404T150000,0.12983
697,20230404T152115,0.134844
698,20230404T152747,-0.019447
699,20230404T154554,0.15791
700,20230501T090000,0.264893
701,20230501T104500,0.283651
702,20230501T111500,0.186409
703,20230501T111500,0.158411
704,20230501T111825,0.289571
705,20230501T112421,0.179431
706,20230501T121300,0.489465
707,20230501T123000,0.242771
708,20230501T125007,0.345797
709,20230501T130000,0.572556
710,20230501T133131,0.171666
711,20230501T150000,0.134259
712,20230501T161011,0.31939
713,20230501T181900,0.349215
714,20230501T184800,0.071436
715,20230501T194555,0.214682
716,20230502T030610,0.316182
717,20230502T032200,0.201034
718,20230502T035100,0.157249
719,20230502T090913,-0.079607
720,20230502T095700,-0.02929
721,20230502T101500,-0.182492
722,20230502T102422,0.078115
723,20230502T104100,0.41564
724,20230502T110000,0.297014
725,20230502T124751,0.051187
726,20230502T130000,0.146437
727,20230502T134400,0.398519
728,20230502T140200,0.026357
729,20230502T143000,0.219135
730,20230502T150000,0.255179
731,20230502T160050,0.151584
732,20230502T162500,0.415608
733,20230502T163432,-0.075536
734,20230502T170600,0.192826
735,20230502T173422,0.161686
736,20230502T175400,0.247902
737,20230502T204536,0.263528
738,20230502T214508,0.160064
739,20230502T223100,0.147736
740,20230503T062842,0.260754
741,20230503T100534,0.261649
742,20230503T110000,-0.002405
743,20230503T121500,0.160745
744,20230503T133000,0.21785
745,20230503T133800,0.307888
746,20230503T141313,0.092661
747,20230503T142100,0.06589
748,20230503T150943,-0.077925
749,20230503T163131,0.147911
750,20230601T001435,0.120126
751,20230601T031020,0.002389
752,20230601T090000,0.094049
753,20230601T100000,0.34556
754,20230601T131710,0.13967
755,20230601T144600,-0.009715
756,20230601T145933,0.093073
757,20230601T153400,0.208653
758,20230601T160100,-0.091813
759,20230601T172038,0.347409
760,20230601T173232,0.009627
761,20230601T174100,0.050049
762,20230601T182034,0.066254
763,20230601T182043,0.066254
764,20230601T182159,-0.041592
765,20230601T200000,-0.221289
766,20230601T203750,-0.072777
767,20230602T090300,0.249022
768,20230602T100500,0.189827
769,20230602T115400,0.193643
770,20230602T120700,-0.229919
771,20230602T120715,-0.229919
772,20230602T121603,0.113297
773,20230602T122747,0.100747
774,20230602T130001,0.192552
775,20230602T131048,0.078295
776,20230602T133157,0.186311
777,20230602T134435,0.180332
778,20230602T134500,0.103523
779,20230602T141105,0.186405
780,20230602T142000,0.261649
781,20230602T142704,0.39705
782,20230602T143800,0.139323
783,20230602T150002,0.184535
784,20230602T151500,0.177941
785,20230602T152100,-0.067448
786,20230602T152100,-0.067448
787,20230602T152100,-0.067448
788,20230602T152100,-0.077142
789,20230602T153900,-0.328843
790,20230602T154500,0.219143
791,20230602T160902,-0.221289
792,20230602T184310,0.417605
793,20230602T184640,0.227122
794,20230602T203035,0.118924
795,20230602T203054,0.120533
796,20230602T212814,0.221932
797,20230602T220533,-0.011884
798,20230602T222500,0.162609
799,20230603T001300,0.028601
800,20230701T090050,0.080623
801,20230701T115208,0.177142
802,20230701T120000,0.118532
803,20230701T121500,0.38813
804,20230702T090038,0.110518
805,20230702T090039,0.110518
806,20230702T092800,-0.011881
807,20230702T093500,0.183148
808,20230702T111832,0.270742
809,20230702T120000,0.302839
810,20230702T125416,-0.021713
811,20230703T104500,0.399056
812,20230703T120500,0.200795
813,20230703T121300,0.208297
814,20230703T121653,0.0594
815,20230703T124200,0.113916
816,20230703T125800,0.136259
817,20230703T130600,0.225811
818,20230703T144200,0.397943
819,20230703T145800,0.443589
820,20230703T162051,-0.15656
821,20230703T172308,0.130834
822,20230703T203600,0.205241
823,20230703T210447,0.079517
824,20230703T223100,-0.06257
825,20230704T022124,0.332651
826,20230704T123000,0.210073
827,20230704T125151,0.136595
828,20230704T140000,0.451872
829,20230704T140000,0.354036
830,20230704T143900,0.289173
831,20230704T174400,0.363512
832,20230704T175957,0.188758
833,20230704T210037,0.016905
834,20230705T040200,-0.364397
835,20230705T045900,-0.34775
836,20230705T071500,0.176095
837,20230705T075037,0.324426
838,20230705T104614,0.299537
839,20230705T120400,0.033796
840,20230705T131700,0.57612
841,20230705T134137,-0.188935
842,20230705T134227,-0.188935
843,20230705T140000,0.302763
844,20230705T140400,0.380355
845,20230705T141338,0.219889
846,20230705T172216,-0.108294
847,20230705T193400,0.186991
848,20230705T193700,0.355126
849,20230705T210800,0.021389
850,20230801T010146,0.151115
851,20230801T010152,0.151115
852,20230801T033025,0.314669
853,20230801T043553,0.128122
854,20230801T090200,0.171597
855,20230801T094900,-0.070266
856,20230801T115300,0.193301
857,20230801T120535,0.115937
858,20230801T121100,0.234734
859,20230801T124500,0.24247
860,20230801T124500,0.260658
861,20230801T130200,0.318116
862,20230801T130300,0.287265
863,20230801T130500,0.250456
864,20230801T130800,0.160935
865,20230801T140336,0.045883
866,20230801T141200,0.429048
867,20230801T142700,0.427056
868,20230801T170000,0.236412
869,20230801T170800,0.236412
870,20230801T171625,-0.058768
871,20230801T172138,0.163922
872,20230801T174618,0.158917
873,20230801T204738,0.082478
874,20230801T205100,0.230799
875,20230801T211400,-0.057415
876,20230802T080000,0.286407
877,20230802T105700,0.236818
878,20230802T110000,0.098568
879,20230802T111500,0.398359
880,20230802T113600,0.349606
881,20230802T120130,0.161912
882,20230802T130000,0.292921
883,20230802T130200,0.197838
884,20230802T130400,0.106644
885,20230802T142423,-0.041163
886,20230802T143212,0.206374
887,20230802T151716,0.236296
888,20230802T152904,-0.355236
889,20230802T161800,0.241848
890,20230802T162900,0.219969
891,20230802T171300,0.311558
892,20230802T172700,0.34941
893,20230802T180021,0.17139
894,20230802T180027,0.277587
895,20230802T182700,-0.225829
896,20230802T191242,0.089873
897,20230802T193518,0.492816
898,20230802T213032,-0.269814
899,20230803T010000,0.281044
900,20230901T000000,0.262957
901,20230901T065636,0.304198
902,20230901T090024,0.113536
903,20230901T100600,0.130854
904,20230901T110000,0.062749
905,20230901T114344,0.132934
906,20230901T121000,0.048446
907,20230901T125900,0.425586
908,20230901T130012,0.224554
909,20230901T131507,0.302547
910,20230901T133006,0.337634
911,20230901T144039,0.13853
912,20230901T145300,0.176805
913,20230901T154800,-0.035959
914,20230901T154900,0.229854
915,20230901T155057,0.252068
916,20230901T155800,0.049321
917,20230901T162234,0.048271
918,20230901T182307,0.187817
919,20230901T211500,0.123308
920,20230902T100000,0.234002
921,20230902T100200,0.244672
922,20230902T100200,0.244672
923,20230902T101615,0.115992
924,20230902T112741,0.183986
925,20230902T113000,0.242701
926,20230902T120000,0.335289
927,20230902T120002,-0.002422
928,20230902T120002,-0.002422
929,20230902T120900,-0.180757
930,20230902T130000,0.465694
931,20230902T133000,0.143826
932,20230902T133000,0.095696
933,20230902T190345,0.274296
934,20230903T030900,-0.122361
935,20230903T030900,-0.122361
936,20230903T121200,0.17228
937,20230903T124800,0.13609
938,20230903T141500,0.194197
939,20230903T163900,0.102642
940,20230903T163900,0.102642
941,20230903T221400,-0.058516
942,20230904T110045,-0.245633
943,20230904T141600,0.397666
944,20230904T141900,0.325264
945,20230904T153418,0.214659
946,20230904T233000,0.213376
947,20230905T040116,0.237885
948,20230905T042733,0.198244
949,20230905T090248,0.193755
950,20231001T010200,0.151385
951,20231001T025733,0.404911
952,20231001T091000,0.223931
953,20231001T100500,-0.091824
954,20231001T111500,0.272747
955,20231001T131500,0.19126
956,20231001T181657,0.052158
957,20231002T091500,0.273507
958,20231002T101940,0.215278
959,20231002T113508,0.035964
960,20231002T114500,0.282421
961,20231002T123400,0.265288
962,20231002T130000,0.181583
963,20231002T131100,0.412251
964,20231002T131600,0.319744
965,20231002T132700,-0.116106
966,20231002T151345,0.233681
967,20231002T155338,-0.093702
968,20231002T234500,0.256075
969,20231003T080056,-0.093011
970,20231003T090600,0.201511
971,20231003T100016,0.153315
972,20231003T111500,0.01457
973,20231003T121808,0.214613
974,20231003T121942,0.082687
975,20231003T133100,0.441454
976,20231003T143256,0.489773
977,20231003T151625,0.185257
978,20231003T152700,0.424547
979,20231003T153156,0.239554
980,20231003T170200,0.332619
981,20231003T173038,0.239462
982,20231003T193329,0.419884
983,20231003T195700,0.188887
984,20231003T214521,0.11332
985,20231003T233300,0.023416
986,20231004T073038,0.367559
987,20231004T073343,0.428369
988,20231004T093200,0.132831
989,20231004T094500,0.041682
990,20231004T112001,0.274803
991,20231004T114200,0.329594
992,20231004T120000,0.467904
993,20231004T125409,0.17587
994,20231004T130100,0.264307
995,20231004T130100,0.273242
996,20231004T130300,0.332005
997,20231004T131300,0.454065
998,20231004T131300,0.478959
999,20231004T133006,0.319207
1000,20231101T011800,0.209126
1001,20231101T022403,0.273913
1002,20231101T051720,0.276205
1003,20231101T095300,0.040783
1004,20231101T100100,0.121522
1005,20231101T103505,-0.134239
1006,20231101T104500,0.238334
1007,20231101T104500,0.238334
1008,20231101T110001,0.239824
1009,20231101T124600,0.190464
1010,20231101T130000,0.203568
1011,20231101T134333,0.252082
1012,20231101T140000,0.206794
1013,20231101T140800,0.051333
1014,20231101T141422,0.133735
1015,20231101T150500,0.467214
1016,20231101T154300,0.598691
1017,20231101T160747,-0.120181
1018,20231101T170100,0.309466
1019,20231101T170400,0.16202
1020,20231101T182342,0.043067
1021,20231101T182900,0.252342
1022,20231101T191016,0.399412
1023,20231101T191500,0.185628
1024,20231101T194602,0.206141
1025,20231101T201045,0.359858
1026,20231101T201922,0.0
1027,20231101T202100,0.25819
1028,20231102T000756,0.239918
1029,20231102T040043,0.331069
1030,20231102T091500,0.334201
1031,20231102T112400,0.203322
1032,20231102T120000,0.205102
1033,20231102T121100,0.46001
1034,20231102T125005,0.3286
1035,20231102T133500,0.197741
1036,20231102T140000,0.288988
1037,20231102T141137,0.228242
1038,20231102T141757,0.016873
1039,20231102T154511,-0.090587
1040,20231102T161010,0.329724
1041,20231102T164000,0.084067
1042,20231102T171500,0.218052
1043,20231102T173028,0.319299
1044,20231102T184200,-0.011947
1045,20231102T184500,0.46001
1046,20231102T184900,0.196274
1047,20231102T194434,0.057547
1048,20231102T200026,0.304558
1049,20231102T202441,-0.021594
1050,20231201T100200,0.138834
1051,20231201T103500,0.281222
1052,20231201T104200,0.259097
1053,20231201T113000,0.207611
1054,20231201T120000,-0.05138
1055,20231201T120000,-0.053007
1056,20231201T124500,0.111279
1057,20231201T131500,0.184395
1058,20231201T135024,0.11666
1059,20231201T141247,0.263829
1060,20231201T145300,0.34341
1061,20231201T170000,-0.085668
1062,20231201T170200,0.235522
1063,20231201T172228,0.094891
1064,20231201T172300,0.117406
1065,20231201T181200,0.040715
1066,20231201T183342,0.165872
1067,20231201T183900,-0.163464
1068,20231201T183926,-0.164136
1069,20231201T190000,0.251741
1070,20231201T193600,0.138082
1071,20231201T195156,-0.016919
1072,20231201T195156,-0.016835
1073,20231201T195400,0.590371
1074,20231201T202315,0.009698
1075,20231201T211359,0.106048
1076,20231201T211359,0.115431
1077,20231201T215426,0.024542
1078,20231201T230000,0.252082
1079,20231201T231900,0.002385
1080,20231201T231900,0.199255
1081,20231202T090000,0.27769
1082,20231202T094100,0.067093
1083,20231202T113000,0.18716
1084,20231202T141500,0.117855
1085,20231202T141752,0.108283
1086,20231202T155300,-0.171883
1087,20231202T155342,-0.201527
1088,20231202T182006,-0.088254
1089,20231202T182006,-0.088254
1090,20231203T105400,0.362754
1091,20231203T130001,0.160027
1092,20231203T135158,0.321688
1093,20231203T140000,0.34575
1094,20231203T153000,0.374721
1095,20231203T191127,0.017108
1096,20231204T073200,0.070585
1097,20231204T094721,0.341812
1098,20231204T104000,0.140301
1099,20231204T123000,0.290914
1100,20240101T100000,0.140688
1101,20240101T114800,-0.069458
1102,20240101T121401,0.11943
1103,20240101T145007,0.428506
1104,20240101T195129,0.199321
1105,20240102T010000,0.164052
1106,20240102T100500,0.356789
1107,20240102T105234,0.102237
1108,20240102T113000,-0.412057
1109,20240102T114738,0.176973
1110,20240102T115600,0.354801
1111,20240102T121200,0.304677
1112,20240102T162400,0.194211
1113,20240102T185404,0.248613
1114,20240102T212900,-0.176017
1115,20240102T214100,0.314172
1116,20240102T214110,0.392031
1117,20240103T014152,0.273418
1118,20240103T101100,0.237426
1119,20240103T102300,0.329556
1120,20240103T120000,0.329795
1121,20240103T122100,0.250144
1122,20240103T123000,0.188448
1123,20240103T130200,0.446851
1124,20240103T141000,0.292978
1125,20240103T141100,0.212543
1126,20240103T143007,0.295336
1127,20240103T143500,0.167241
1128,20240103T144626,0.40385
1129,20240103T185700,0.232243
1130,20240103T191546,0.175647
1131,20240103T220600,-0.03903
1132,20240104T110000,0.030983
1133,20240104T114300,0.326339
1134,20240104T131112,0.320765
1135,20240104T132437,0.279434
1136,20240104T140400,0.021902
1137,20240104T143003,0.320618
1138,20240104T144500,0.401738
1139,20240104T152300,0.298895
1140,20240104T162627,0.2266
1141,20240104T170000,0.047179
1142,20240104T170000,0.049572
1143,20240104T173000,0.453637
1144,20240104T174100,0.168589
1145,20240104T194600,-0.028987
1146,20240104T195120,0.303271
1147,20240104T201242,0.35048
1148,20240104T210900,0.229898
1149,20240104T212100,0.12496
1150,20240201T061442,0.155888
1151,20240201T101500,0.340029
1152,20240201T120000,0.1686
1153,20240201T122600,-0.37832
1154,20240201T130000,0.241301
1155,20240201T134400,0.191994
1156,20240201T141500,0.219623
1157,20240201T141500,0.22682
1158,20240201T143000,0.359473
1159,20240201T143300,0.12074
1160,20240201T150000,0.278897
1161,20240201T150100,0.220877
1162,20240201T153335,0.014245
1163,20240201T154800,0.028684
1164,20240201T164148,0.229613
1165,20240201T164900,0.021159
1166,20240201T165813,0.074312
1167,20240201T174717,0.011986
1168,20240201T180200,0.392723
1169,20240201T183500,0.434912
1170,20240201T184400,0.491285
1171,20240201T185145,0.24417
1172,20240201T190500,-0.09032
1173,20240201T190706,0.100817
1174,20240201T191402,0.099641
1175,20240201T194515,0.301956
1176,20240201T201156,0.410221
1177,20240201T203000,0.095897
1178,20240201T211500,0.310256
1179,20240201T215400,0.431826
1180,20240202T010152,0.267701
1181,20240202T010800,0.178128
1182,20240202T021700,0.146308
1183,20240202T063004,0.316578
1184,20240202T102100,0.179557
1185,20240202T105837,0.146058
1186,20240202T114500,0.342376
1187,20240202T131200,0.139324
1188,20240202T134500,-0.087776
1189,20240202T140800,0.06918
1190,20240202T141756,0.403245
1191,20240202T144700,0.128647
1192,20240202T152100,0.188923
1193,20240202T152912,0.240193
1194,20240202T160116,0.171029
1195,20240202T162406,0.148834
1196,20240202T164800,0.071144
1197,20240202T170100,0.205286
1198,20240202T170710,0.106333
1199,20240202T171908,0.092434
1200,20240301T082523,0.042901
1201,20240301T133000,0.213027
1202,20240301T142900,0.303428
1203,20240301T143000,0.228915
1204,20240301T144651,0.08029
1205,20240301T150000,0.310026
1206,20240301T155155,0.122374
1207,20240301T160011,0.216259
1208,20240301T173826,-0.075262
1209,20240301T190238,0.177813
1210,20240301T200014,0.265063
1211,20240301T210500,0.33503
1212,20240301T213300,0.213332
1213,20240301T221200,0.124651
1214,20240302T100000,-0.123209
1215,20240302T134500,0.288983
1216,20240302T140000,0.079112
1217,20240302T140000,0.318905
1218,20240302T163000,0.178625
1219,20240302T170000,0.383878
1220,20240302T183700,0.17289
1221,20240302T212352,-0.079519
1222,20240303T104500,0.229195
1223,20240303T105000,0.245077
1224,20240303T114700,0.052514
1225,20240303T120000,0.141362
1226,20240303T120648,0.487656
1227,20240303T141700,0.217263
1228,20240303T143654,0.108187
1229,20240303T150100,0.119097
1230,20240303T154400,0.133517
1231,20240304T010000,0.229227
1232,20240304T070003,-0.007346
1233,20240304T102500,0.298831
1234,20240304T110000,0.105579
1235,20240304T133000,0.196416
1236,20240304T140000,0.367308
1237,20240304T141539,0.206906
1238,20240304T141933,-0.026538
1239,20240304T142047,0.14617
1240,20240304T150000,0.269018
1241,20240304T175300,0.442987
1242,20240304T180000,0.384066
1243,20240304T180000,0.390438
1244,20240304T202433,0.418032
1245,20240304T205100,0.418869
1246,20240304T205113,0.354311
1247,20240304T210100,0.336957
1248,20240305T000500,0.188825
1249,20240305T050101,0.054874
